DEAL_ID,FROM_CURRENCY,TO_CURRENCY,TIMESTAMP,AMOUNT
wmwqwezb-9936-4j41-c46q-92220j29rlrf,EUR,LAK,2022-03-23 09:18:24,5.84
znluejzy-6586-4x19-w14t-26612w39bbvu,IDR,LTL,2021-08-23 12:01:49,75.99
zndaafoa-0733-7j49-k63z-25679r70ggik,IRR,PLN,2022-05-12 04:18:58,38.45
wnzexwpl-4330-5o02-f44o-25393q50vemr,COP,CNY,2022-02-09 17:48:43,83.88
dxnpirff-3186-6w60-q54g-30290t42akgj,PHP,BRL,2022-05-21 21:13:58,25.61
eumaaghr-3582-3r57-y78n-63717q25xrmu,CNY,PHP,2022-04-19 00:02:30,61.41
etozvjyy-6374-3f46-y12g-49778d53gnkq,JPY,CNY,2022-04-03 11:50:12,76.67
ielrewev-5533-6c99-l79b-36422z90fbdq,JPY,VND,2021-10-17 01:44:21,82.26
bozsojza-3901-6e75-t30t-70103e24jgkq,EUR,BYR,2021-11-12 18:47:34,4.42
mfruppgc-7728-0e46-n03y-10976g58zmmi,CNY,CNY,2022-01-24 01:56:02,76.42
jmjqibzu-2437-0r06-f60u-34416a21nrle,RUB,CNY,2021-09-17 19:38:18,13.57
aweahtjt-6078-5u50-b33c-62652s63mmkz,XOF,CNY,2022-06-08 06:11:47,98.84
tzxkmzoh-2716-0i01-u87n-17648r67xvza,BRL,MKD,2022-05-13 09:26:23,52.82
lmnyfaaj-2695-2o95-v13o-77805l26mmht,THB,CNY,2021-12-20 17:03:43,78.56
uqtkqexu-5834-4j63-e34q-44306y82aqhm,EUR,HRK,2022-04-02 02:50:01,14.43
xcqgekqx-0852-9i04-b23i-03607a22bpbm,XOF,VND,2021-08-01 07:37:53,21.11
sztmppec-2016-8d20-m90l-68227s37hgde,YER,TND,2021-10-01 19:14:30,29.95
eyqjgapu-1604-1w59-t69s-37194u84gaus,COP,COP,2022-06-12 06:37:49,81.46
gekifnrj-9111-0i75-k69e-60880z74cozt,IDR,CNY,2022-07-08 07:37:03,86.26
eqnrslqj-7466-5j99-a48i-67449h02mnxh,CNY,ARS,2022-01-15 22:04:10,84.57
qpxblrdm-9195-8v58-u35u-11692t80khrl,AZN,THB,2022-02-23 11:24:03,86.56
ydiradcq-1827-5l79-a39r-55389i08rieg,RUB,PHP,2021-08-10 16:17:48,19.81
fgxdvttw-4500-5x36-e23l-61941u72jfsm,CZK,PLN,2022-01-25 19:49:35,46.41
jofvioku-7449-5m82-v57t-03047o92cwyx,CNY,MYR,2022-02-05 11:33:23,84.78
vizvmrnv-4662-7g46-o25w-37573o07afyw,IDR,CNY,2022-04-15 06:21:23,6.9
klczfxul-5477-8u29-n35a-19214g27wtyf,ZAR,MZN,2022-04-28 04:22:44,37.67
qoydmern-1559-0v28-p69m-29935o61xkvp,CNY,SEK,2021-12-12 15:47:38,52.8
rrarcsst-8939-1e34-m78n-90625r94adyu,CNY,PHP,2022-02-25 03:58:26,26.01
eenypzso-6546-1b74-v72h-57200i64ejsm,IDR,EUR,2022-07-05 21:45:49,55.66
lbnxpzyd-0740-0c95-w95d-10306n54ziem,CAD,EUR,2022-03-13 00:06:47,56.65
dlsqzpem-7557-4z33-d91s-04930s23qbws,EUR,PHP,2021-11-19 01:12:05,18.61
dukgpdpm-8985-9f00-r13w-59513y91smbq,BRL,EUR,2022-04-08 12:07:21,57.8
zrrqljnp-4430-8f85-l51c-68404o19jldq,CNY,PHP,2021-12-02 19:24:48,69.97
twbvcmpa-1349-4m28-i04k-10971z45moia,PHP,IDR,2021-12-25 11:28:35,93.39
egkijfgr-9239-8o77-d21i-14908f29hcab,KPW,CNY,2021-08-03 22:23:16,77.66
niczepxb-4272-1o52-r85c-03267d61tewo,EUR,EUR,2022-06-22 16:50:10,78.57
evszmvcd-7232-9v89-j64s-85868u39oblf,CNY,EUR,2021-08-10 12:45:17,49.02
dzcfkrqt-3167-8g55-x82m-68241s87lvlr,SEK,RUB,2021-09-30 18:05:10,82.5
lvuwbvdk-4673-1l24-x64r-28138w08onqq,IDR,AFN,2022-01-03 11:02:42,64.38
dzfwdfdc-6282-7x43-e29p-89222y75rfke,CZK,CNY,2022-05-23 14:59:11,85.27
wgcshoii-8380-6u07-t50u-76440x76hqxb,PLN,IDR,2021-12-29 20:33:17,55.95
vjntqkgr-0805-0b45-s79m-31022c93vcvn,UAH,EUR,2021-08-24 21:42:52,37.24
ctmiwzbk-5841-1k46-s43l-99178m58kiyj,COP,COP,2021-08-28 13:44:35,22.49
hvechzra-1441-0i91-q52z-58974h99zncd,MMK,PEN,2022-02-05 16:03:31,45.34
lqikcbvz-4493-1g49-m97u-32084d03smja,EUR,RUB,2022-03-29 22:54:39,92.0
wjccizzg-2673-0u23-b05f-04418m70ezbe,DOP,JPY,2021-10-20 00:44:57,71.51
rsgwgivk-0114-6j98-a61b-89895z25hlww,EUR,CNY,2021-09-07 23:05:53,54.84
nmrnuqyj-3400-4n14-a48f-94976c31lepo,IDR,PLN,2021-12-19 15:07:28,1.54
vkfoprat-0961-3n45-k90o-62423k37ufjy,UAH,IDR,2021-08-28 19:49:59,4.7
totdyxbw-3627-7g11-l37h-23379q71awma,USD,JPY,2022-02-21 21:08:58,84.24
rjriocon-2354-8o39-c84w-25689l70obqs,PHP,BRL,2022-04-05 18:44:14,82.21
fjymtjpv-3470-4o57-p28y-54720q61jaqt,PLN,HRK,2022-05-27 02:14:51,31.78
pkoayynr-8274-5e63-n07f-01531w06bumx,IRR,CNY,2021-08-31 15:43:57,90.51
mfjvblcy-6000-3w10-r20a-49208p11dvzt,CNY,CNY,2022-06-09 07:15:38,51.5
mnznrrwb-0527-9r12-u38h-68435c12dpfb,XOF,IDR,2022-02-21 00:28:10,85.49
yppjhhmf-7604-1i60-q88w-82889m94yqte,IDR,CNY,2022-05-21 22:01:50,6.23
lvkxloep-7966-0e59-d36r-18810k35udxl,CNY,CNY,2022-06-28 07:45:25,2.96
hlwcvoat-2104-5e21-j49p-19755w30gdpc,USD,CNY,2022-03-05 01:03:30,74.02
irrpavyi-2911-2m88-l22l-40349l14hrzl,IDR,ILS,2021-08-10 23:57:33,75.33
tlvhezew-7002-5h09-o92h-06366o53jbkh,IDR,COP,2021-09-04 07:14:03,1.46
oresxwhk-4186-0m13-k83j-00562b59sqgf,YER,CNY,2022-02-10 06:51:58,50.16
evdhfydt-8434-9p09-g98j-67755n85gxgl,CNY,IDR,2022-05-30 07:10:37,82.98
xkdwashk-7689-2h60-k50f-48579b04berp,IDR,LKR,2022-04-07 16:06:37,35.81
nyocblbq-4271-3w25-d37f-61762f02zyku,CNY,USD,2021-07-25 05:10:23,85.16
wbukmldn-8669-2q40-q94m-70561w15htdh,RUB,IRR,2021-08-09 11:35:42,51.85
sofrlzqt-5354-1j99-k23o-97164w69bisn,COP,CZK,2022-05-11 07:08:06,90.53
yvqdnulj-1838-6o38-v79a-64175l43xedl,UAH,MDL,2021-08-18 15:31:25,2.81
bcsdrydl-9041-6y78-l37p-71761c82weee,CNY,CLP,2021-12-16 14:13:00,82.03
viiaewgt-0941-0z37-h48y-18015q19buos,CNY,CNY,2022-01-08 14:44:07,47.01
lhvvsstr-2593-4x61-v41v-10357z38eepi,CNY,PLN,2022-03-20 02:57:46,54.64
tiygvmwy-1296-5r69-l19f-43811m10wncp,EUR,BRL,2021-12-22 00:34:38,25.92
hqjsakml-0798-7a14-a71v-48767o31lsgz,PHP,EUR,2022-01-11 16:28:55,84.82
wrthqgyt-7557-6h54-p30s-63564h70bjin,PLN,IDR,2022-05-23 21:12:09,29.87
izpqyzaz-5540-1f58-l05e-55373m81yvrf,IRR,EUR,2021-08-15 21:59:19,22.85
rbjrupzp-8282-4m66-z12z-76699g50tdwp,PLN,JPY,2022-05-21 18:31:49,1.45
txmanbxd-0123-2n78-u13h-60001o06zgkg,GTQ,BRL,2021-12-23 01:53:25,35.45
jvjfzsoh-2811-8y96-x24a-42091z08kemp,HNL,EUR,2021-10-13 09:08:17,38.5
pfzogkod-8345-9v14-e49e-57522a33xcuj,CNY,XOF,2022-07-01 20:11:33,1.75
jgskhvho-6401-6z01-i30u-34451v92ibxo,SYP,USD,2021-10-09 00:51:29,99.08
ixeffomx-8384-3s34-m40g-04541m51fdyr,CZK,RUB,2021-11-22 01:16:20,90.74
lhbtcqcu-5693-8o93-w03g-36454c95pwus,VND,BSD,2022-04-16 17:02:52,45.12
bpfqccka-7024-5a38-u70g-68162p05rqho,BOB,IDR,2022-02-21 17:07:56,86.34
zdcnmeng-1078-1n57-t80u-24206q05wygf,IDR,RSD,2022-07-03 02:04:26,68.41
kvxiutur-8311-7w74-m53o-00201w24tbjm,CNY,RUB,2021-11-29 20:18:19,9.02
mfzxgqug-2033-5x97-o90e-75038x79xwhq,SEK,MDL,2022-05-19 06:05:04,72.03
fwtjzlya-1293-2k90-z92s-47173o83hgeo,CNY,THB,2022-04-20 09:30:04,33.3
xytbdxyv-9366-7w39-o77s-40795j16lpbz,CNY,CNY,2021-09-24 20:50:03,10.11
mqssgyev-0361-9f95-i78f-05520m37abwv,IDR,JPY,2021-12-29 17:36:15,67.83
wasvgxlm-2756-5z72-n59h-93890n95yoho,EUR,XOF,2021-08-07 02:39:14,45.66
clmggdaj-6200-5m70-j90o-43068t30ymru,USD,EUR,2022-06-28 13:19:25,87.85
mbegpmjl-0419-7n38-v32f-54858r58jcza,ZMW,CNY,2022-05-15 08:35:17,40.36
smawdtav-6526-8b44-j60n-70995y29nmis,YER,CNY,2022-04-22 20:41:54,86.77
vgcptnga-3224-5i19-q86z-04133q29twmv,UAH,CNY,2022-05-27 06:19:00,9.17
wirmpbfu-8920-6w90-y55x-18153g25ocxl,EUR,BRL,2022-05-14 20:25:42,24.36
qmpjioxc-0561-2a71-q45k-52583u22lhao,USD,IDR,2022-02-23 20:51:43,95.73
giqhnjcd-2948-9a55-y11z-99354s75vnbg,EUR,CNY,2021-11-17 12:00:44,45.85
bietliwu-7433-6w38-t09r-58241g93kezf,BRL,PHP,2021-07-27 00:32:01,19.51
uugrmkoc-6902-9u08-i43l-88066i02muwt,RUB,IRR,2022-02-03 14:25:41,63.59
xrahwius-3397-2w54-x08k-79179v01oxol,RSD,BGN,2021-12-11 01:43:56,2.51
ooixqnrq-9676-5l70-a16n-79565e10ubhm,EUR,CNY,2022-06-18 19:40:40,65.57
jumjpumd-9121-0r13-v43e-86091a74kqrn,RUB,ARS,2021-08-22 13:05:10,41.59
nrsqrmtw-9996-4b28-y77u-26930a30behi,EUR,CNY,2022-02-05 09:22:05,29.48
knqwofiq-0811-5y72-k23u-11669i99knqr,KRW,PYG,2021-12-10 00:57:17,99.47
gfxdfyhm-0246-7o57-u24n-45508f02poqo,THB,CNY,2022-06-17 23:44:59,54.78
glezzakz-1917-5i87-f18k-97438w07oipr,EUR,PLN,2021-08-22 02:03:02,60.28
lnosjqyt-0735-9a16-r68t-68031v14ypax,IDR,CNY,2021-12-12 18:20:58,9.11
dqbsoorw-7177-5j54-k03w-00052n94qguu,PHP,IDR,2022-04-03 14:31:16,27.4
pbjxngzn-9244-9u34-t34j-41559p56rqpa,PHP,IDR,2021-10-08 16:33:02,94.11
oefubfjw-6235-4w19-w74r-30428z71tpfl,EUR,COP,2022-05-13 13:23:14,71.02
duqcjynd-3547-2u63-a11y-48979r20porb,BRL,IDR,2021-12-05 05:33:32,93.06
acefokxi-4529-6u23-f84d-34846l52yxeh,PLN,IQD,2021-10-10 21:39:08,21.75
nedhejol-0551-8y43-t69f-74643o49mdys,IDR,BYR,2021-12-04 00:29:23,6.12
emrkgxgi-4450-0r13-q63m-25227r43sqeb,PHP,MNT,2022-03-30 18:33:33,42.01
ckjmatrn-3549-4r51-x26p-37187u47lwwu,ARS,EUR,2022-02-27 13:11:34,94.29
fhwpwsii-9758-6x70-o11b-83992d56uuxq,DKK,PHP,2021-08-10 15:02:24,93.4
nzhspqso-1910-0s84-p94q-19327m57aqaa,AFN,IDR,2022-03-25 11:37:08,71.39
nmnbsnpk-5464-8o99-m03w-43644b27hgxm,PHP,PLN,2021-09-01 03:39:17,28.18
cvzoditg-3072-7g55-k35d-42897j16rhld,ZAR,THB,2022-05-17 09:57:02,17.8
dqnkytqe-5693-8l30-t02s-54739c53wdjx,CNY,USD,2021-12-16 20:21:32,50.85
hxfnxqjz-5515-0u52-t67z-55622h69vmiz,RUB,CNY,2022-01-17 20:30:14,57.75
xbsbhcmd-4218-2i45-r95x-04176u05omiq,EUR,TZS,2022-05-09 15:41:44,99.9
yjmblpbq-3406-6u19-x10e-24983a17syml,CNY,CUP,2021-09-21 08:49:20,49.93
bnmuuahf-9874-4s34-d91h-67096e48huvj,JPY,EUR,2021-09-17 01:27:57,65.29
ebtgfldb-7087-0u00-l17l-06456s60mhqo,THB,NZD,2021-09-08 14:25:45,90.62
lsxhnbrp-1728-6r48-b25w-36588i78huwf,IDR,CNY,2021-07-29 21:06:30,56.83
gbxnlaof-2965-0l97-x96y-27804p34ofte,RUB,BYR,2021-09-13 14:38:33,37.46
ytsiqqxp-6350-9p75-m63n-63564q23ajnp,CNY,CNY,2021-12-05 22:20:06,82.32
kycbkgua-6488-2x22-o90d-52665q62peqi,PKR,CNY,2021-12-19 00:19:32,34.19
tgfefbyk-3511-2w28-z14u-31466v47fxtj,BRL,CNY,2022-01-08 22:21:39,53.6
bzbchofj-4997-8x53-b28l-25136y71pejx,EUR,CNY,2021-09-21 17:43:48,91.55
yecxaazo-5355-9c68-b85u-79235p20bvea,ISK,CNY,2022-03-15 04:46:12,48.54
yhvmerju-9820-5g98-k71y-24578p52noju,CAD,IDR,2021-11-14 18:17:50,73.04
ncctfjzn-6895-6m48-e79n-97399b20ijuw,RUB,EUR,2022-06-28 04:28:42,80.09
ovkbkjkp-5494-6h39-q91f-38566s39kcty,EUR,SEK,2022-03-22 04:48:00,97.69
otoicfdk-4817-5r65-c56m-40898q54zuwq,CAD,JPY,2022-03-23 14:05:03,7.21
nxaymmsh-4490-7i31-h95k-68849i05wkgv,SEK,CNY,2021-12-18 16:19:03,32.12
vgzxftcu-3861-8v63-e50d-77620b38cfvi,BRL,IDR,2022-02-26 20:46:08,97.12
orjdstvj-0446-4o35-e84j-64084m66fwyv,QAR,ILS,2022-04-29 13:37:33,5.95
glbotsfp-8886-9i10-l84f-11790h19mtgo,HNL,YER,2021-08-05 20:13:45,24.53
ddkkchph-7955-4k43-f64m-51242p48wntc,YER,CZK,2022-06-02 03:48:05,73.24
sclladss-8517-9b88-w62g-19437a58zrlp,RUB,BRL,2022-04-18 03:05:46,79.41
npiegccr-2353-9a48-t94p-38002x30yaxc,USD,IDR,2022-05-27 07:03:17,97.42
diuippcw-8508-1g28-h23n-50374f53vlwa,BRL,PHP,2021-11-26 05:10:40,11.21
bvdnvnms-1723-7l23-h51e-39286i28qipy,EUR,SEK,2022-02-23 11:59:52,55.94
jrxosvbq-7982-3q15-o72u-98752h82fkxe,PHP,MAD,2022-04-10 21:11:25,84.45
pqxptozz-8286-3e47-t37x-08065n01fson,EUR,TZS,2022-02-27 17:57:01,95.89
bxeqbswg-9831-7z91-t69t-80767a15infa,CNY,RUB,2022-01-14 22:49:57,45.52
eefborxx-8254-0r77-e95v-47922o49qxnd,EUR,BRL,2021-11-29 21:16:58,19.73
yujviqkf-3512-7z85-z07b-51811u25myju,IDR,THB,2021-08-08 04:29:38,82.64
yimntswg-3731-0o25-v58y-10270j76vcdp,PYG,PLN,2022-03-26 20:55:06,71.6
jcmvcdip-8032-3t93-x74w-56619o34yxez,PHP,CNY,2021-11-04 10:23:43,67.94
hnlbbtuu-6849-4w30-t22g-54318j37jvjo,RUB,SEK,2022-04-25 07:20:58,53.31
hvryzstd-5254-9q45-r94c-62415l59kbkx,RUB,EUR,2022-04-26 20:21:18,82.11
sxflqgtp-8672-8n46-p57w-83433r53vhgv,KRW,BRL,2021-09-15 01:30:22,16.85
rqsjmwud-2988-6d76-k28v-15344z00tthq,CNY,CNY,2022-03-25 05:20:53,16.08
unrfwxro-9825-2r72-m35d-39468y49wjdm,IDR,XOF,2021-12-14 02:22:55,12.96
arihhpnj-7379-8w14-r25b-17341b22lslo,PHP,USD,2022-07-11 06:26:47,18.95
rxlesofd-7402-6p24-v10s-08912j07rljt,RUB,USD,2022-02-23 00:12:50,86.51
pgsdjfei-4326-1s42-p93w-81021f89vfoi,KZT,PHP,2022-03-09 04:42:16,8.35
encgltcy-0436-7j72-w86t-47757j75jtrb,USD,MYR,2022-04-26 02:35:02,3.37
bseplyaj-8094-6o63-s96s-34154q01dzdq,SEK,CNY,2021-09-02 09:08:17,34.59
swwnwxiu-1301-3j34-c06l-20031s78sckr,CNY,USD,2022-06-18 09:10:54,21.6
zwokndao-8207-3l72-d36f-97833m89hzre,BRL,JMD,2022-02-28 16:37:37,81.37
uqadkzog-7832-5f45-i49n-04806f02jpsl,ARS,CNY,2021-08-07 12:44:02,98.89
cnfszhxb-8913-5t05-f33t-69114c80rclf,MWK,SYP,2022-07-01 07:12:29,44.25
spyauzwr-6327-1r90-m23i-80073a92fwmv,GTQ,PHP,2022-05-03 17:48:29,43.77
iciedroh-6598-7q91-u10c-54753g57uyok,EUR,EUR,2021-11-29 02:18:44,61.04
uhelevdh-9560-5i36-x67n-75777g69abqe,CNY,CNY,2022-04-21 09:04:42,65.45
zdlcnmfe-4732-1w85-g01h-17377c45lukk,CNY,BRL,2021-10-01 04:33:15,80.92
textfszt-7938-8u66-v67r-47426k14cjnt,ALL,JPY,2021-12-28 13:14:32,45.15
efprxron-9985-2o53-e29d-79828l56mady,BRL,PEN,2022-03-03 22:10:53,10.38
gfmeifej-7702-5y72-e12i-62847m26euno,IDR,AOA,2022-04-09 12:25:45,88.91
pcmzeppi-4755-8n21-p33y-00755q91drxx,CNY,RUB,2022-06-25 21:23:44,57.61
fhhovlsl-1913-8y07-h77g-64554b99dcml,EUR,IDR,2021-12-15 08:05:11,28.2
sbycgthi-3133-6f42-b15u-02184d78mfqm,BTN,CNY,2022-03-26 04:55:32,54.7
nhgbdlni-3066-5v13-f05z-07987i21vhzc,EUR,BRL,2022-05-03 19:35:55,13.37
xhkjruxz-9591-0i10-l08l-54017n54toyi,CNY,SAR,2021-07-25 16:18:32,17.26
beajwtqg-8376-7h37-m54u-38423x34bpij,PHP,EGP,2022-04-29 17:14:27,48.15
slmnixmp-7453-8e19-r56o-05350r25rmsk,CZK,KES,2022-05-03 07:19:46,66.65
jpqlcydr-2880-3e48-w76l-61861k86frcm,CNY,HNL,2022-06-10 12:22:06,80.22
xlokjmvx-3411-6m83-k67o-80683b73bqoy,CNY,CNY,2021-10-05 01:28:19,30.7
axoonyfs-7726-9r89-e64x-80504c03ezpo,RUB,CNY,2021-12-02 17:45:45,87.68
pkiygjyl-3056-3q30-n27n-33986l56tmhs,EUR,CNY,2022-04-12 01:12:50,64.95
phintwkx-8786-9s11-w31e-14895e74mspy,THB,CZK,2021-11-16 12:54:05,89.2
xxlcxylf-1063-9q76-x79j-40411d54ahpz,MNT,CNY,2021-11-14 03:16:45,18.84
vhbeomxz-4967-6f55-d87z-17317e79hhjw,EUR,NGN,2022-04-15 08:26:51,65.67
xjvyhobz-2844-4v37-p65a-01028t35nhcm,RUB,DOP,2021-07-26 06:34:32,83.45
tfwvcxxv-6063-2g90-l59t-89586k03chws,BRL,JPY,2021-12-12 15:23:13,40.67
iqdlqnir-5867-7p21-v54m-03612i68anew,IDR,PHP,2022-03-24 12:58:06,46.1
kabrvzcy-6154-3a46-q33o-70286t77edgs,PLN,SEK,2021-07-20 12:38:25,66.03
mxnrwjbg-8230-1i15-e57q-67102u12nsht,CNY,SEK,2022-03-15 04:04:08,92.47
myfwwjmt-7362-9v73-e16y-75067c21qzup,CNY,USD,2021-10-04 04:10:23,74.49
dztfiaem-8644-3g28-k53f-70140w88tczq,USD,XOF,2021-10-01 01:15:39,59.6
chfvchco-4917-6k59-n86i-88243x40wmph,PHP,CNY,2022-02-15 06:53:37,77.77
ftswqvfb-2224-0a78-k97n-48553d93doel,NGN,BRL,2022-07-04 03:59:23,73.94
lukxvpsk-2076-0e99-r09g-89653v64qejz,PHP,CNY,2021-11-04 17:34:50,47.56
ymkcmugi-7179-6q00-m03i-69783u75ybii,CNY,PEN,2021-12-10 00:41:58,83.78
yqazcwhz-9529-1t09-c90j-98536x06pugs,DKK,CNY,2022-05-10 22:00:38,97.42
rawbhtea-4261-8s66-b04b-97693v80hvis,EUR,CNY,2022-06-01 19:23:56,20.77
cpvaqjxi-6636-7u97-k50f-53909w19jgpd,UAH,EUR,2021-12-25 14:58:31,61.28
pgpkckvd-9280-4y26-n55k-47887i49zoor,IDR,SEK,2022-05-25 00:51:27,20.52
neadeozi-6791-4g22-r51k-69182h08klre,EUR,RUB,2022-02-15 18:39:51,59.58
drgybxth-8376-0z72-r15s-48227d71cbeg,NGN,EUR,2021-12-05 09:56:49,35.63
hqmmtyuq-7054-7d34-y91t-69624m95tqcx,CZK,ARS,2022-06-08 23:04:15,52.57
bkyzrrrk-7176-0u99-i03a-49675w67vixx,THB,PLN,2022-01-07 12:38:57,3.49
wttdxasl-1082-7p47-v00a-22857q09vmyi,JPY,IDR,2022-03-11 06:00:38,15.99
tveyecrx-5215-8y88-x38l-89654h31umls,IDR,CNY,2022-02-05 17:39:03,84.25
aqeevhll-2825-3b05-r40o-39900u08goux,CNY,PAB,2021-12-31 19:40:03,31.69
fxrdcyxg-3042-6y79-s21t-50852h82fsdc,EUR,BRL,2022-04-16 04:06:03,28.2
qskophye-3517-1e40-b59q-01858u69jdvq,VEF,VND,2022-01-18 01:43:13,12.86
oieyfvxn-1164-4v99-t46b-53998h66dugy,PEN,EUR,2021-09-11 04:37:22,70.87
uqvwadaz-8876-0h36-u64z-94857y92vmkz,CNY,BDT,2021-09-13 16:34:30,64.05
acovfevg-9198-4y84-f84t-09815y07aezj,THB,CNY,2021-07-22 21:53:00,18.33
rzmmzwat-3092-9k24-d08r-81627t73pqwd,PAB,SEK,2021-09-15 15:04:15,65.1
wmhdbjdo-4237-8n91-e52z-23270j19jssb,CNY,NOK,2022-05-07 12:05:45,74.84
kirvxzjj-1233-9b12-q18q-38005d81pmsv,EUR,BRL,2021-12-10 16:10:25,32.36
dkuiscns-6204-4t52-d10m-11791c51kszk,IDR,ARS,2022-03-21 20:27:49,28.44
fttdtxdk-4203-1s82-o38f-93362c48bcry,MYR,SLL,2021-09-09 08:17:44,97.3
rnzneowq-0979-2w72-p22e-82427y02fozt,RUB,PLN,2021-12-23 17:34:57,91.31
cqqfuzmx-9803-8c44-j42j-47959z42svfa,IDR,CNY,2022-04-05 21:15:39,14.31
gyggutdp-7076-2b97-g14k-79930d69jeto,MZN,CNY,2021-11-15 08:35:48,66.88
sdydombs-8037-1p71-q59y-40881b76ojdj,IDR,RUB,2022-04-30 15:56:45,30.86
bwstlcxd-1466-7y72-j35i-11648g75alyf,PLN,AFN,2022-01-09 16:47:34,30.83
jvzzemjp-4168-3q31-z74s-08388b49knqq,IDR,LSL,2022-04-26 22:01:27,11.03
qtlmhsog-2633-0p46-v05b-29939h91jjdv,EUR,RUB,2021-07-22 12:16:31,10.54
wbolkftb-3272-3b02-y91f-08875v92jqwt,RUB,BGN,2022-02-17 02:37:14,70.81
tpcdbjix-7586-3g61-x31g-29735e12aueq,SEK,ARS,2022-01-09 12:37:04,76.18
oakdxglw-2138-3t09-f60n-19536c24fqrx,CLP,MZN,2022-02-26 19:45:37,11.02
tohbfbyk-2432-8l04-y17a-74989a55eyos,AFN,THB,2021-08-21 17:41:56,51.85
xsnwofod-7158-9f38-p38e-74528f52pidr,EUR,MXN,2022-04-03 23:04:47,36.92
gymnjali-3609-7b26-x41c-95168v88bngb,SEK,USD,2022-06-15 10:37:24,36.48
kmehrsgr-0622-2u53-y97i-65536f85xigd,MXN,GTQ,2022-04-24 00:28:30,74.73
pbzmqfhn-5161-6z74-d97n-28570n47ugeg,PHP,USD,2021-07-28 06:50:44,85.4
gqpgnpfa-1058-9g86-m85f-67541k89omwb,ARS,BDT,2022-02-14 15:35:48,38.13
hrnueszn-6751-8n87-n80a-70009g76akcv,COP,PHP,2022-02-11 14:37:03,14.84
jitlbwmp-2484-7s25-s06x-71247q13ceof,MAD,CNY,2021-08-26 22:49:42,98.39
wvxugarl-9449-6w70-f33q-47327z10mtea,ARS,IDR,2022-03-18 10:30:41,23.13
cmyqmoen-8123-4y05-c58l-16667t78plub,XOF,CNY,2022-02-11 18:29:24,28.09
uctkfatr-9882-8x24-l00h-41820r55zrdd,CNY,PEN,2021-08-20 12:52:47,65.2
hmdsbkdm-5779-2c41-w39r-71826o57hpam,UZS,IDR,2022-03-21 02:13:57,41.51
kgdxbsde-7364-7r74-h67t-07310d59dhpg,CNY,AOA,2021-10-22 13:56:39,46.13
adyhzhfd-1846-9x90-q29y-36892u57poao,ARS,CNY,2022-04-30 03:44:55,45.58
zmifzuob-7592-8a11-w88j-59462k96awly,CNY,CNY,2021-10-09 21:41:32,12.75
acssnrot-6313-5t18-r35e-47903r01ymsq,IDR,KES,2021-10-25 15:27:12,17.29
jcavvwna-5507-5n18-e34f-51555q61ornz,RUB,IDR,2021-09-09 12:36:49,65.09
yotminjm-9946-1q92-d89y-84436d57reui,IDR,CNY,2022-01-21 01:38:37,67.4
isqoavii-7041-9u26-v67f-82174y71lokq,HNL,RUB,2021-10-01 01:58:43,27.23
yszamyoh-7832-5p80-z71l-63770s51ezeu,EUR,ARS,2021-07-26 16:39:12,58.3
ljuxmwng-0572-7y85-a12s-72027u40mlvc,IDR,BRL,2021-07-22 13:54:32,89.38
hwdfokyu-3106-2v75-s42t-06372x55ohri,RUB,EUR,2021-12-28 02:23:07,80.67
ithxsmlx-3788-3u84-u09t-24365g74wlnr,BAM,CZK,2022-03-21 09:03:51,16.98
pzgbdkly-4121-2k28-a19i-58974m45trgk,RUB,ARS,2021-11-16 08:36:18,39.64
pbdbndqp-0218-4y85-c90i-20297u21qavu,THB,CNY,2021-12-26 13:39:00,57.55
gvjtffdc-6198-5a94-x10k-54590u84srod,RUB,IDR,2022-04-05 17:30:49,25.07
elymhson-8057-6t38-k91a-65870t08odum,MXN,PLN,2021-12-26 02:08:49,41.2
tegngofq-8954-8n08-v79b-74330d33eoaq,IDR,SEK,2022-04-18 14:42:46,74.33
cnefsfsu-3708-4o94-h41f-04996f31ljua,CNY,TND,2021-11-04 05:18:04,99.53
gdhvoorj-9163-2k95-e76x-80680k28nmsc,EUR,AZN,2022-05-24 11:02:36,69.88
mxnflzvo-5229-9q45-b98a-35655z30pfbu,SEK,BGN,2022-04-05 05:39:26,95.28
tosvhnhb-0862-7x26-c00r-60572u74zwwo,CNY,MNT,2022-04-28 13:39:29,84.82
nzxfsuvs-9367-8s41-p68q-74414v37agym,BGN,EGP,2021-11-25 18:43:51,32.98
thlmfjzq-3327-2v36-n75h-64630o83fdbs,CNY,IDR,2022-06-07 04:20:12,67.0
cpuaackp-5903-7o20-c91e-32521i05sxmt,INR,IDR,2021-10-08 22:32:04,64.17
iywyvnxm-3841-1c47-q20l-34703n71pkga,RUB,CNY,2022-03-31 01:20:51,33.4
eqwozpfg-9338-6n23-s45o-85256v79crpn,CNY,EUR,2022-04-25 14:28:50,70.4
sxskquiy-6685-9h86-k15q-28685q27twrz,CNY,PLN,2021-07-22 01:06:30,18.09
lemorazr-6602-3p60-k11m-86074b52tccw,BYR,COP,2022-03-25 11:01:09,17.57
klicbnlb-2602-9x84-m58m-29348m00jssv,RSD,NGN,2022-02-21 08:32:50,92.8
mblhalbs-3041-3s35-g81e-88363l11xcur,IDR,SEK,2022-05-19 06:50:01,56.92
ehffwtkz-0072-8d13-a54b-65913p78omwr,TND,JPY,2021-08-28 20:43:49,85.68
ccprumys-6007-2s16-w79t-96350j37ncdq,CNY,IDR,2022-04-04 11:22:05,81.81
mjzyufdw-0890-1a49-z64z-42569y99ypjj,BDT,RUB,2021-11-23 10:21:55,41.48
jfauqxur-5562-8s38-u99y-37435d41xmrd,IRR,IDR,2021-09-15 23:16:07,70.89
jutknhxy-0973-4o42-z40a-75486k00qnsw,CNY,RUB,2021-11-17 21:56:21,70.09
ffgwthdq-4689-3n38-k66h-38219m94buax,EUR,CNY,2021-07-25 08:35:08,82.35
aabbfoto-1931-9t62-i42c-20220j51ahlx,RUB,IDR,2021-08-16 18:41:12,76.4
zwhpowji-3220-1p64-y36m-21188q94idzt,CNY,SEK,2022-05-28 21:31:09,62.14
ftavjzer-5843-0v22-l88s-31799k46rxvb,CNY,CNY,2022-03-17 13:18:39,44.53
ombfrwjp-9405-0b86-i74q-35948f98azle,IRR,USD,2021-08-07 08:40:04,6.73
alklckfn-6101-4a49-g87x-04675o16fbrz,EUR,UAH,2021-10-03 12:58:51,31.88
bsnqaxpi-0504-1b97-r53i-20515p82ypxx,EUR,PLN,2021-07-14 15:41:02,3.71
oabeskgd-7007-3o62-p12v-24652h81kvuu,BOB,ZWL,2022-06-25 07:54:31,58.27
gpmuvczj-8281-9p86-x68w-29808b32taix,CNY,UAH,2022-03-30 18:10:26,16.13
eoeipzdz-5152-6g11-i06j-45952t08ykbj,USD,UGX,2022-05-19 14:11:41,4.52
hplkuaos-0840-3b67-p42s-64071j16sfei,UZS,CZK,2021-12-14 04:31:15,9.58
zmmdndif-5449-5k23-q17h-14784t57mhne,PHP,CNY,2022-01-14 12:28:55,41.88
ysvvziot-1743-4c09-q23n-82754y57tegi,CNY,PEN,2021-08-04 15:12:23,4.34
ugfdujpb-8335-1n62-e43i-38468u32whzs,EUR,BAM,2021-08-10 20:21:16,2.91
eyesdfpr-8217-3r67-c57w-43409p57ftfg,RUB,IDR,2021-12-11 12:05:10,33.03
untuulmn-6370-1z26-c19n-76344t80iwwj,IDR,YER,2022-05-11 10:45:39,82.53
qamrzhey-8570-2s03-r68o-20232m99mmrg,CNY,EUR,2022-04-08 09:11:59,1.49
dsqktoqs-4489-9g75-p54p-81581y21vjdd,MXN,CNY,2021-08-21 01:56:32,19.4
ljyhyxba-0452-0p08-t82c-82608d88hcxw,IDR,EUR,2021-10-19 14:19:52,70.1
phcsddcq-7347-5b04-j93j-72974g35rsze,USD,ARS,2022-04-02 21:22:50,15.34
cuyfcnzo-7998-1l61-g89d-00672x26pdao,CNY,RUB,2021-07-26 17:27:32,14.7
zcrmuzsc-8369-8a19-n22p-49182f41dxvh,EUR,EUR,2021-12-20 06:19:36,93.38
tzluqfqo-0422-8e22-i16c-86649l27upno,NOK,EUR,2021-11-02 03:48:04,49.06
fhirgudr-1554-4q25-v85n-77605m61ajzj,IDR,EUR,2022-05-29 17:11:32,78.81
piijqazk-9062-9a68-y92h-52014x00cdrw,PEN,PHP,2021-08-06 15:18:33,30.58
ydktufuh-0856-8z60-q30i-28962h61syat,RUB,BRL,2022-06-07 23:03:40,34.19
mxbuhibu-3389-7u52-s38n-44244g35kgys,CNY,MNT,2022-07-07 15:03:50,63.83
eznpalut-3095-3p09-k35s-52965e07jgax,NGN,CNY,2021-10-12 08:58:32,47.3
qthiixaj-3045-6k03-m71h-72168r21umgr,JPY,CNY,2022-01-02 03:35:57,73.85
uojofmai-6210-7s29-k89d-31662w23atfs,BRL,EUR,2021-11-16 15:48:44,97.45
ghaqpawf-2311-1y96-y18i-72309x93drfo,UAH,PKR,2022-06-06 09:47:01,45.65
higgddqd-0461-4t21-l45z-66248p51vkut,BRL,BRL,2021-07-21 08:56:36,71.43
xjxltban-0020-7s43-w95n-14174n71ypiy,ZAR,MKD,2022-06-16 15:32:41,93.84
tvzyhezc-8871-4s88-k34u-98672l26ripn,PKR,NOK,2022-06-15 03:15:30,92.1
qmzsjhpq-7297-9o74-d12a-88189f84rqkp,NGN,CNY,2022-05-17 00:12:01,4.6
xpfqorgg-2094-8d52-e35y-00540x37reqe,CNY,RUB,2021-07-19 06:33:06,39.04
ktuwokqs-2921-0v20-q42r-32740w31fyoe,SEK,SEK,2021-12-13 14:20:15,35.63
dfnqfnuf-3873-6e27-j19l-19792i15stox,ILS,RUB,2022-04-28 23:17:41,96.17
jmcfyvub-5242-6c82-u66y-49407b07spvm,THB,EUR,2021-08-20 11:22:50,22.15
liwgcgqd-7374-7n88-i66k-85385m79glss,SEK,EUR,2021-07-12 00:45:32,4.27
aztitouu-3431-8j16-i73t-72897y82pexy,RUB,VEF,2021-11-02 22:59:14,4.74
jvacozap-5028-7f57-z63w-37246x30fltn,UAH,CNY,2022-01-27 20:09:18,75.24
kofnmuis-1390-6k78-b64x-94297q80zfef,CNY,IDR,2022-04-14 11:17:00,4.92
sfgowckh-9095-5o47-s23d-59756i71duut,IDR,NIO,2021-12-30 19:32:22,7.57
jygzuafu-4173-3k31-h63g-27469j93eilv,EUR,VND,2021-10-01 04:02:53,39.24
hqqnmqvs-9818-7r08-b55r-38249a78vznl,CNY,CNY,2022-01-12 17:56:08,83.13
urzujwor-9602-2f65-x20f-58443o46bzlo,EUR,RUB,2022-02-04 20:51:32,37.94
xcmaaxrs-4761-4i49-r39p-43676a90xctg,PHP,IRR,2022-05-22 11:17:12,84.43
sjdpthzs-6152-7o66-m91i-53254z36vski,IDR,NGN,2021-12-24 18:51:54,63.0
ezdnkfqy-8444-7s85-o90s-95378i50vwzg,CLP,LKR,2022-05-20 02:10:19,21.46
lsqouqup-9182-2w71-d00l-75529z73eahe,PLN,PHP,2021-08-19 05:06:30,54.01
wkegnuoz-9852-0g82-k44x-81121b85yuke,CNY,LRD,2022-05-03 15:14:35,4.29
ffhfbijr-7816-6y49-u53n-99563b43qufa,CNY,RUB,2021-11-10 18:59:15,62.17
xjmjtvib-0904-3w71-x52d-04275q92hlwh,EUR,KES,2022-07-07 04:34:37,18.43
dgxdjffe-9485-3q28-u08d-47285v45mxjx,SEK,CZK,2022-02-18 18:44:34,84.53
ozhyjosm-2436-4p74-c77f-69658t89njtd,XAF,CNY,2022-01-11 22:53:05,81.02
oyzjrslz-0024-7f10-o02u-08423m59xtfp,IDR,NIO,2022-06-09 19:48:14,35.28
ljhegyii-9267-5o84-k41n-44461n68hjcl,BRL,SEK,2021-08-11 12:00:03,45.97
lngepees-9776-3q72-a09p-05157k83zgqu,AFN,AZN,2022-02-06 09:28:06,10.83
ykmvvtdz-1574-7c14-e46b-55290w09hhcb,PEN,JPY,2022-01-25 17:10:04,21.84
zloctojl-4993-7a27-t54k-93219i86mbie,XAF,UAH,2021-11-18 06:00:08,13.88
frwrmstm-3366-4y49-d53u-85099n87epyp,EUR,IDR,2022-01-10 20:45:24,48.9
oggcawis-8096-2d01-e61u-00646w55vhpa,EUR,CNY,2022-01-07 14:38:15,70.31
jpsbuofx-1427-4a55-p39y-64040s67bjgf,CZK,CAD,2022-02-26 21:18:59,73.0
uppbjeit-6972-0n50-i11r-76720j24laal,CNY,IDR,2022-01-10 18:05:55,39.94
scjvmdgj-8723-0o29-n55w-33563b68yldi,SEK,EUR,2021-09-20 01:57:59,42.15
xingjjpp-5190-0s81-o26b-39693z22tcmp,CNY,CNY,2021-10-29 16:26:23,17.91
xmchoizn-5567-1e43-e52y-96941j58vptr,BOB,EUR,2022-05-08 15:37:06,32.62
svqekccs-5311-9d68-a10k-63729t85lbvp,RUB,CNY,2022-06-21 09:58:28,15.9
atpztbmr-3728-6e68-a68a-79299p57jurg,IDR,CNY,2022-06-27 00:15:37,93.05
cabwtjem-2755-1b79-r39q-25115x80crtu,CNY,IDR,2022-07-07 17:10:00,57.47
eopsfzgx-3140-2l51-c70s-65398v50zsqi,CNY,RUB,2022-01-07 11:57:17,67.43
hfhzitoa-9023-4i24-t30o-75608l55iecg,ZAR,IDR,2022-05-12 10:29:37,5.47
soldxxjz-3623-3x00-b22i-82534d06axyb,MNT,BRL,2021-10-26 03:02:38,49.92
udonkxof-4091-7k91-d85g-34114n98jbcv,EUR,UAH,2022-05-12 06:54:17,54.4
wvlarzbd-7325-8w62-w17r-98949m72yshs,CZK,CDF,2022-05-07 23:19:38,94.23
urtcsxvh-1140-3t92-p08o-11748q74vcdg,SEK,NPR,2022-04-09 23:23:49,42.15
lvlajazx-4120-3w66-k17m-40039c39ropf,PLN,PHP,2022-01-20 23:30:29,4.29
gnqficgf-8079-4o55-q63m-41413n17sqoc,RUB,EUR,2021-09-27 21:40:32,75.82
agmmvjzn-0005-2z12-o64a-65989t43stmf,IDR,XOF,2022-02-28 06:32:38,93.15
bmvrybwu-1499-2a54-z78b-53142l28dquz,ARS,GBP,2022-04-03 21:27:24,81.24
ivlvuhbq-5078-6a84-o68f-68008d04owhi,RUB,IDR,2022-01-23 22:23:27,17.11
zjfnmeky-2731-4l52-o87q-37728p69upqn,EUR,PHP,2022-03-15 03:50:38,4.77
ququqxfe-9663-6p06-b79l-38598z08gxnj,RSD,ISK,2021-11-14 05:30:11,2.78
nyofuacs-9370-9p00-x26r-47630m56yoik,CNY,RUB,2021-12-29 19:42:04,38.72
nnnxfsts-1995-6r31-g66s-11303r82osxe,GEL,CNY,2022-07-11 19:10:55,79.82
bsuketfh-5484-0u97-j36o-47669q32tcsj,CNY,USD,2021-10-07 14:54:58,53.86
zrnpjkyf-1374-7w15-t37f-21965m63abqb,IDR,NGN,2021-11-27 16:00:27,86.87
argayluw-5920-1i83-n29w-56851s13gpxx,VND,EUR,2022-05-16 08:44:29,71.91
dqmrxyoe-2240-0q78-k77t-67908y89qezc,CNY,IDR,2022-04-04 07:57:56,13.32
lznzhgnh-7077-0c57-z82p-76312s24bxka,PLN,PHP,2022-02-22 13:57:50,3.45
syowjtvu-9068-2m10-y71d-57710r73czoe,VND,IRR,2021-08-15 01:01:18,11.62
olnvgmgv-6075-1b33-y26y-82283t11nxho,RUB,COP,2021-08-16 04:01:25,87.28
jfontliv-4794-5m78-x03t-64863n15moww,IDR,USD,2021-09-17 11:21:31,53.96
dwkaohyx-4320-7w98-c96t-51883g04eqlg,USD,EUR,2021-09-10 11:59:14,11.47
abdbfzaa-5680-8c30-n23v-45829c39qyeg,GEL,IDR,2022-04-26 13:17:12,58.5
utdvajha-4841-0q88-g39c-00932i96mlal,COP,CNY,2021-12-13 14:54:07,24.55
byaqsfij-0517-7f65-t84j-85051s09qhlz,THB,CNY,2021-09-29 04:28:31,85.4
yfnmrdau-0764-9o88-b19t-23539d22wbxy,CNY,MUR,2021-11-08 22:51:05,97.8
pmnkhaar-9081-7t54-t49b-57695d22diwf,PHP,BSD,2022-03-09 23:43:28,98.72
gzulsldf-0266-8p71-b23r-28101d43stlj,CNY,NGN,2021-09-01 03:18:15,49.6
qumdilab-8719-3u45-s42v-69045x11ljer,CDF,IDR,2022-04-17 01:40:55,56.56
nvfuthem-6603-1v37-g91d-71055h71cgau,IDR,CNY,2022-01-28 07:48:39,13.71
frnqxhhi-1500-3y34-s88p-01289x55yssx,PHP,JPY,2021-08-03 20:01:59,44.61
bbcflqtt-9017-3e72-i66o-74232k97nqqh,RUB,EUR,2022-02-08 22:18:08,57.0
rmcnzraf-4128-7v79-o03e-08568m89dpjr,THB,JPY,2021-08-17 22:58:08,20.33
pqwmcxnp-4753-1r61-o54b-47145c19iskb,RUB,IDR,2021-08-30 12:16:28,96.77
zgaletgx-6864-6r84-l55m-68391c44avlg,CAD,CAD,2021-09-02 05:11:08,10.03
arekpbdr-9272-7e42-z03o-23423p02ojoo,BRL,NZD,2022-05-27 04:47:14,89.22
dsymmjdf-1342-1x08-d33g-81405t97rkaw,EUR,MAD,2022-03-03 04:09:26,39.95
qwrqjado-6196-9s94-m62z-68047u41noht,ILS,CNY,2022-06-18 11:19:16,20.27
vcaesbac-4689-7i78-c99b-59588r54oppq,SEK,RUB,2022-04-11 22:33:43,76.6
ilgtfrsl-7524-6m21-j73q-69110r84qhyh,PLN,JPY,2021-09-06 02:16:53,56.11
pzsemzeg-2645-9j17-l58s-70983i74fcge,RUB,IQD,2022-04-07 04:22:20,60.88
quckvljz-9634-8e91-k57t-56988d91qwoo,JOD,MNT,2021-10-13 05:08:47,91.0
mhygtaut-4727-4b20-z43j-78262y87dsyf,CAD,BRL,2022-03-01 11:00:46,74.45
hefvovdz-7296-5j66-w78z-42815j39oarp,RUB,KMF,2021-10-31 22:18:04,44.29
ojibdhzm-6114-4z76-n69g-88334f04usbf,CNY,DOP,2022-02-14 00:59:11,52.07
ylxxdiqk-2300-5m60-g32r-28742z08qprg,CNY,MXN,2021-12-08 09:26:17,46.83
missswcc-5772-6j74-i52v-67868g71pqxj,CZK,XOF,2021-09-01 11:15:25,59.67
xrvwdpsl-3556-9g90-y64k-69639p89hqhq,RUB,CNY,2021-10-29 11:37:28,74.04
vqjzesiy-3894-3w77-h21l-60172o81awbw,HTG,CNY,2022-07-03 02:31:57,5.09
txwfoalj-9562-2b07-z58h-03416i83frwh,SEK,EUR,2021-09-14 03:43:42,16.56
rachvhlq-3405-0f54-k59p-33937i06tvrt,CNY,CNY,2021-12-04 21:47:53,46.5
syrvfcss-9953-0q59-l02l-07520s54mjhz,UZS,PHP,2021-09-17 10:45:32,92.71
sbwbjnui-1638-0h55-c52c-67366y22iubl,DOP,CRC,2021-12-08 08:13:02,62.52
nwwsifcp-6189-6a19-n06r-52853f21yadd,CNY,SEK,2022-06-03 09:11:17,34.04
ljvywymf-3459-9u44-q32a-46577v06dpsy,RUB,IDR,2022-01-03 02:00:58,36.6
fjbwzfro-8042-8u60-j96b-41594p07thux,MUR,IDR,2021-07-16 23:38:17,39.13
bsarrjex-1406-5w87-h16c-78823a57rmaj,ALL,IDR,2022-04-07 06:18:05,65.85
mnsubxba-4190-8z25-o18p-91244b27lbyb,HNL,CNY,2022-01-02 01:38:26,74.27
hugzeoxy-7952-9y57-u23d-69516u79daxu,IDR,ILS,2022-05-19 17:05:08,83.46
qclrvyks-0028-2j28-f36n-78150e41xvoq,SEK,UGX,2022-06-25 18:37:24,42.8
kwmjarjl-0573-7a61-v70y-84539e47bfyf,CNY,JPY,2022-02-10 09:42:35,96.45
vxchshcf-8278-2u81-n21n-84818r20xqsm,SLL,CNY,2022-04-14 22:58:05,9.49
eyerlxbz-3923-4d19-y39a-48753r62avri,JOD,RUB,2021-10-28 10:04:01,40.68
fliqmxts-6708-7b34-g31j-81580c18atkb,XOF,IDR,2022-03-29 07:57:08,6.54
pfqbxbmy-2030-6r87-o27o-30417l22ozus,RUB,CLP,2022-03-12 11:06:38,47.47
ixbvadni-8173-6h12-a03d-37221n70atea,CNY,JPY,2021-11-14 19:24:08,66.89
qdayfjni-3064-6i85-b71g-76058c64tnge,MYR,EUR,2021-11-05 17:37:40,96.51
qdcaxqyx-6545-9r04-h89a-04170l42vrxy,EUR,CDF,2022-04-04 01:20:48,3.88
osnyuxrm-8366-6o41-l04z-15687j51ljrz,EUR,HNL,2022-01-16 04:09:18,64.42
vhsmdgeg-7177-5i83-c32a-26899y21cxcu,CLP,IDR,2021-09-02 21:55:12,71.25
tmcjwizp-0681-5e26-n93r-94722i36khij,XAF,EUR,2021-12-11 08:46:23,90.75
iycdrysf-8696-9o91-w09i-93448p31jvfd,IDR,ZAR,2021-08-04 21:02:39,43.01
areiibfq-6202-4q41-d85z-62875f56skkf,EUR,ALL,2021-11-13 22:34:32,76.87
ngnumnlc-3003-6k08-s48j-57756l28lotp,ILS,VEF,2022-06-30 10:31:26,97.03
blrjsaoj-2227-4i56-r90c-41500v25oyav,IDR,EUR,2021-12-31 07:39:10,19.99
sqpmptpj-7790-6l71-z94e-26024v15qntr,CAD,PLN,2021-08-28 18:20:29,50.43
sbxftrbz-5039-9v79-t86w-03032l99wlvi,CNY,MGA,2022-02-05 05:45:42,84.29
iqmpzhwr-6776-0s26-a84b-54690l42jmdo,SEK,BRL,2021-10-08 04:18:50,53.78
ecmffuta-6973-8b75-l91o-18782t69zcck,PHP,CAD,2022-02-15 12:53:13,3.12
jifbygot-2822-7z25-r37u-74036k39pnxr,BRL,RUB,2022-02-19 07:00:44,96.05
jknnnaji-1763-8u69-d26j-05537q20jsbt,TMT,BRL,2021-12-05 19:45:53,53.03
nlqpecss-0932-7r87-i99u-55771u93fhik,IDR,EGP,2022-06-14 00:16:15,34.09
xzittdrn-2577-6v80-c88p-93907k06mhns,EUR,PHP,2021-10-31 17:33:17,76.93
cakgxdwa-7787-9l24-o70p-07279i00mgpn,ZAR,PLN,2021-09-25 19:54:37,94.75
legfgfgj-9738-3o44-i17r-83710k67ysvy,ILS,JPY,2022-07-09 02:16:45,91.91
jmasukhp-3199-4h82-o14h-57917r55xsmv,BRL,BRL,2022-05-05 00:37:47,71.42
pfwpldkl-8268-5c73-v77t-79571m64tsyd,SEK,PHP,2022-04-12 01:04:57,39.45
nvjylzkc-4270-6v27-k74y-56829n96twuu,IDR,IDR,2022-04-05 23:59:59,84.34
mnnzevqn-9472-9f24-c63l-20387v73llko,CZK,NOK,2021-12-28 06:30:45,57.79
avcookhz-2441-5f58-d24o-71067n73jmcf,IDR,USD,2021-09-15 02:04:09,36.25
lwpipehy-6170-5d74-t67n-25815y52jjht,SEK,PHP,2022-05-08 14:05:08,8.68
kbnnybgc-7254-2t51-j83o-49678p64igpx,RUB,KMF,2021-07-18 00:48:44,69.62
jlmnossc-1912-9d43-t93i-06981o57prys,IDR,IDR,2021-07-26 04:43:11,45.52
ijyeufbk-0644-1i79-e12i-96010j81bzsq,EUR,EGP,2021-08-04 23:42:54,94.36
jkwrixbz-7373-1a67-v66z-67850j90grmt,CUP,PHP,2021-11-01 13:16:25,94.41
qykllato-1434-9h01-l46l-81277d11gvws,PHP,RUB,2021-11-23 02:05:53,62.04
vnetwcyl-5837-0h82-k97p-55192v26wtty,USD,NIO,2021-08-30 02:49:44,3.4
brrxwquo-3177-8y69-v97a-78203t03xhkh,HRK,EUR,2021-08-14 15:14:44,45.95
mhrbuyer-7084-3x76-u13i-11735y41xasl,CNY,MYR,2021-09-17 17:20:29,13.39
jtsjdezm-6924-5l49-k81s-39704q75snzh,VND,DOP,2022-03-14 21:15:16,36.52
lbodpwyp-3359-3h19-e02t-15577t15sfih,RSD,CNY,2022-01-05 22:43:40,27.43
zmjalhfq-7727-5o62-q12n-38012g27vjse,RUB,BRL,2021-12-06 00:40:35,14.76
mdmwlubv-8989-8v25-w54j-72115p75lipb,PHP,RUB,2022-06-25 07:28:05,87.26
tlsanlas-7519-9t53-d63o-49423k94jotj,BAM,PHP,2021-12-19 13:32:09,72.22
ewypassd-9620-3l90-v73g-06540f19lofz,CNY,RUB,2021-07-17 23:44:26,28.8
ibrcyrdq-9122-9s17-f26s-72841j62plhu,RUB,RUB,2021-08-22 21:22:09,58.27
mvbgggju-8789-1s83-f44d-24913o82jkiy,RUB,EUR,2021-09-27 04:40:56,23.93
xhmzstqg-7516-7p54-z44x-14187n45zsdi,GTQ,VND,2022-02-08 10:22:47,52.65
skkdsmee-2645-4j28-g51j-92756k77hryt,AMD,THB,2022-02-08 06:31:06,49.19
uwkzvfuq-8908-5d37-l82z-97590b69wlgv,CNY,CZK,2021-10-28 03:13:19,43.49
yllwciph-9455-8f73-p41o-21375c52tuld,BAM,EUR,2022-04-23 13:36:50,11.15
roddgjmq-6311-1e61-v31e-27192s44cpmv,CNY,HRK,2021-08-23 01:29:44,65.92
vkvcsxtp-8177-7p38-h51p-09278m42sbuw,ZAR,IDR,2021-07-30 16:54:46,61.87
qbhmvawb-7077-6m24-v22o-57230i61pzot,CNY,RUB,2021-10-20 19:06:17,55.11
langgvvp-4213-3i08-c01c-42215d61rrxl,JPY,JPY,2022-03-11 17:12:50,30.23
grmoqqkx-6373-1v05-c20y-84001l51myex,EUR,UAH,2021-07-25 16:30:09,56.17
ktdrvxag-9691-6k74-j67o-84064j91ogcs,PLN,BRL,2022-04-27 18:00:03,65.88
nlbedwwb-7498-4v84-i57h-63387x91gfwh,JPY,KPW,2022-04-14 14:11:52,78.81
pvnerzwh-6734-8f05-c87t-87686d86ldkj,AFN,CNY,2022-07-08 08:49:30,25.95
wqauuocx-0570-5r59-s20j-62339m82rdps,JPY,UAH,2022-01-14 10:47:58,58.84
krrkedpo-9808-8v27-a54j-58845b75dvci,CAD,CNY,2022-06-08 08:59:48,20.8
vryvfqvi-8448-7c14-j81v-26344f93wckx,BRL,MXN,2021-07-22 22:14:16,34.78
jdlztngc-7474-5r29-f30x-99208p98ncpi,IDR,CNY,2022-04-04 19:50:17,34.47
nsuiygiz-9099-4l76-p42t-19144r98wmjd,CNY,CZK,2022-03-29 05:56:05,41.11
zynrjpsy-8419-1j20-x20w-68037q42roqr,CNY,CAD,2021-10-30 04:46:39,61.96
fwpvlxwk-1857-4n51-r23h-42090f23ughn,SEK,CNY,2022-05-23 05:23:48,85.73
chaenhzl-8964-4t22-j68e-25680a79enwt,IDR,CNY,2021-09-13 13:22:02,56.18
arjxorap-9273-5f50-j21a-45147o48vymz,TZS,CNY,2021-12-10 00:32:50,81.45
ckwfnkkb-4043-6l12-u81m-32686s70hahr,CNY,PEN,2022-07-11 14:36:56,27.07
tcivybct-6978-0n02-i39i-27249r81ipxv,NOK,XOF,2021-10-08 23:46:03,87.22
znxzuzwd-9889-5k23-z26u-54561h84yesc,PHP,MXN,2022-04-19 07:15:03,8.54
hreernoa-3381-6o80-f59d-93706p77asfw,COP,CNY,2022-02-09 10:27:21,62.19
kuudgfda-8544-3i71-p90p-05086x17yqwd,RUB,IDR,2021-09-01 05:20:58,33.6
dqnnpwdm-6438-1w89-f30r-16180a13jfjv,PLN,PHP,2022-05-04 08:24:44,35.56
juxxypfk-3688-7g71-e71v-87958p32vkll,PEN,PLN,2021-09-07 08:38:15,2.77
oeexqfxc-5755-0z62-k57o-98687w04ofqi,IDR,BRL,2021-08-19 04:54:50,91.51
pgtwptbr-4781-7v34-t45l-22745i70lhfw,UAH,EUR,2022-02-17 12:45:18,90.29
qtkausxp-8120-5l69-b44r-91855o91exxy,BRL,CNY,2021-08-22 22:36:46,39.36
sasylbao-8211-9d70-d05s-17754r10xeuq,PEN,PHP,2022-01-11 15:18:30,8.15
npeasiva-5177-0b25-t89c-10734b80lyag,EUR,EUR,2022-01-19 17:18:51,86.82
nrumpslb-7988-9d46-j46l-17197r69shee,PHP,CNY,2021-09-13 02:12:40,81.29
smshmsuy-3766-0s75-k29p-01450i42mzfx,THB,CNY,2021-11-11 22:30:53,7.94
owfgoeay-1270-8u62-e22w-80504c70gksb,IDR,RUB,2022-06-01 22:02:20,16.34
egdpblex-6794-0v18-s77q-86445b82jsdm,THB,RSD,2022-07-11 04:20:57,44.2
dcdrlvez-0976-1f72-m81l-46843n97ikua,RUB,TRY,2022-04-19 15:50:04,37.36
ijmquflu-6671-3e55-q04u-60254w35tunj,NGN,SLL,2021-07-30 08:21:51,61.87
thamsxnv-0258-0t86-s64u-26793j89zmsa,IDR,PLN,2021-09-02 06:16:24,56.71
ozctbcaf-9795-9m66-h05a-54343q72ynwc,IDR,EUR,2022-02-09 17:24:10,72.91
ibjazfsv-0178-6m95-u29n-92119l97jxrw,RUB,BGN,2021-12-13 08:48:49,17.91
bhhefcpx-2921-7x47-e20d-90098q90ifys,SYP,COP,2022-03-26 21:26:18,93.24
xmswzjle-9330-0x46-i57r-14834j97sgyv,EUR,IRR,2022-05-26 19:06:48,4.03
ktvdqgfz-0747-5f60-x86e-05948z83mlei,BRL,PEN,2022-01-12 17:05:26,50.65
pivyhomw-8393-9h34-f86r-58711y97ucaz,EUR,CNY,2021-08-24 18:44:23,97.06
xfjrebtf-1076-6y38-i67g-47397j72odit,NIO,PLN,2022-04-22 11:27:11,74.08
fwqcwtmt-8093-3k71-s63x-41025u25agps,EUR,IDR,2021-07-20 23:25:50,88.76
urqnnidg-7169-3a80-g95m-43911z75adpv,EGP,CNY,2022-06-27 22:11:55,86.99
dhyhiuir-2734-4c26-w85g-75850u84labe,ARS,IDR,2022-01-12 12:57:15,26.12
onnceuum-4868-8h36-w98o-43112v14chwc,PEN,AFN,2022-03-04 07:31:17,70.96
lrccmyho-4101-0y97-e68f-55955q65aqip,PHP,IDR,2021-07-22 01:36:41,43.25
dvmpxtxh-8510-3r36-f84g-14385i87esnh,TND,IDR,2022-05-22 15:30:42,98.05
vyrmjbuz-2637-0d72-m41n-49955s10ybtm,RUB,IDR,2022-05-23 15:47:27,71.5
aidtfuzj-2451-1u31-s52a-30107u81bqym,CNY,PHP,2021-09-24 08:12:07,12.67
gczlklus-1335-5z29-r85y-75498k37kqjk,RSD,PLN,2022-06-14 02:20:48,76.13
skwjrzxe-8031-6p31-u96z-94870j43bbms,CNY,CZK,2022-06-18 03:58:02,40.41
ockbmirt-0260-6r11-v47o-63104x76pazz,JMD,EUR,2022-06-05 03:25:03,15.18
evpfntsj-5797-5c66-r57m-90849s96vqwr,EUR,IDR,2022-06-05 10:58:05,40.45
esfstxke-4501-9m02-f64c-43670t44enye,PHP,LYD,2022-04-19 18:10:41,65.65
zwgjfdiq-4662-0j11-n36d-22581y32eajq,IDR,BIF,2022-04-13 23:57:33,28.4
wjohitos-4656-8x41-i89f-19005y86ghhp,COP,TND,2021-09-11 00:43:11,64.95
kaoapogd-7773-4i61-p81u-72869n43bgbx,EUR,RUB,2021-08-02 15:43:21,61.0
itscmlfl-4896-6s02-e35g-05318f71msgl,EUR,AUD,2021-10-26 21:44:56,8.58
nuddxmio-7765-9r51-b54e-66605l77rsca,RUB,RUB,2021-10-18 02:34:30,20.89
qcpuvtsb-8427-4r17-s06b-21379b23nsif,EUR,ZAR,2022-06-23 22:51:53,4.26
lyndeuom-7487-2d60-a14p-48591i80hkdl,AZN,AUD,2022-01-11 20:57:19,6.34
nexvrsce-0710-2i87-u47y-76111c76nzsp,IDR,EUR,2022-02-02 00:47:34,53.95
wvhuxbxz-7461-6n19-u76c-66964e38rhyr,EUR,USD,2022-04-29 23:41:09,70.49
ndrybevw-2390-0v05-q24m-01752y69dini,BRL,IDR,2022-03-03 06:35:01,48.3
prrbnybp-2838-4o91-v28h-27180m00fsup,RUB,VND,2021-11-20 00:07:19,40.77
gfidymej-9930-1y82-j62o-40413t67ykpy,CNY,EUR,2022-04-21 08:08:50,43.72
iygxyyqk-7545-4a05-i47p-55083n19jdez,PHP,THB,2021-08-30 17:31:30,69.01
jrkrfyab-5510-8b27-s02b-36495h65bmnk,CNY,EUR,2021-12-11 11:48:20,86.9
thomttdv-7381-0w89-m65q-51614l21zaiw,RUB,CNY,2021-12-28 16:25:09,54.3
rifryhgp-8148-5t91-c11g-16570p53xrlw,CNY,MXN,2022-01-05 13:45:10,7.65
xpxozgvm-8386-5e38-u92w-16475t26wdpd,EUR,UAH,2022-04-07 14:34:53,82.62
mqyvmcgh-4958-1a93-h16b-94800y07bjmx,PLN,PLN,2021-12-13 18:51:33,81.25
kdvyxfwj-8200-6w69-f80k-17608y72vpwd,EUR,USD,2021-08-23 07:50:20,59.13
cctbkmok-8805-3g79-j18j-60589v34abfr,XAF,NOK,2021-11-21 23:41:49,21.86
auqhxrdj-7840-8x95-x83p-64823u10viix,BZD,PHP,2022-02-17 08:45:39,95.37
ikmupjgj-1257-3j96-x91p-97777h03rimm,EUR,RUB,2021-09-16 08:25:43,74.65
grivadsz-2039-8b39-f49s-72906b28zyqo,EUR,ILS,2022-07-05 11:12:16,63.92
qreenibz-3399-4k68-b98h-36519k64rwhz,RUB,CNY,2022-06-11 13:26:48,28.58
xsbbncrd-7216-5r27-w13t-16324u80bhbv,IDR,CZK,2021-11-27 22:15:53,98.04
wvjtxvcj-8224-8r86-o15h-80591i77iyen,CNY,VEF,2022-05-01 05:49:23,43.26
htykrhpq-1439-6m52-o32n-47995k02ugag,AMD,CNY,2022-02-18 02:46:39,55.59
hywqhbtf-5978-2d82-g84y-88323y00psgk,EUR,CNY,2021-08-26 12:59:37,25.9
dyqncola-7244-6t45-g67q-56788m70gjmt,LTL,BRL,2022-01-16 22:04:17,22.32
ywaxptla-0238-0d79-q82l-31152j67mvqu,PLN,TND,2021-12-07 03:34:49,99.32
gltkqjnp-6211-4y23-o84v-94272p96pedd,UAH,EUR,2021-11-01 04:56:02,38.11
uvmuemnd-1940-6o65-g86k-91232q98bqxq,PHP,IDR,2021-11-13 10:39:06,6.17
sndyyxra-1637-5j73-v08z-67376q42ajdz,EUR,PLN,2022-03-10 20:58:37,7.01
ytoeaxlo-7669-1b97-x88b-44281j49ccdk,GMD,PEN,2022-04-05 00:23:28,27.04
gdkdpurt-9698-1k49-d40i-21976z56xfbz,CNY,ALL,2022-05-30 14:47:38,57.3
qftxmaqk-0415-3a13-s82s-22294m10qkey,SEK,GYD,2022-04-20 03:52:18,13.61
cxeywbzp-6876-9u14-l42v-64377k09mdbf,IDR,RUB,2021-12-28 22:24:20,11.48
sbeawkpw-1160-0q71-x83p-24876p62rcgl,CNY,CNY,2022-05-10 01:10:29,63.78
aygtlzwj-0595-6d95-b34x-49574u74ksli,KZT,CZK,2022-07-02 17:23:43,88.12
awzzsmnk-5256-3c64-k87t-32385o68bikn,IDR,KES,2021-09-18 09:42:00,87.77
izcdapnp-1792-6q61-u78n-25176s45nsgu,IDR,IDR,2021-08-06 10:07:07,93.69
usrdcnvk-7923-3c06-f08i-32807g31qeoo,NOK,XAF,2022-06-24 03:56:41,72.88
xywddgmw-0177-5e10-n93l-37178a71nmjj,CNY,IDR,2021-09-27 04:46:55,30.99
gflzptxz-8025-6e80-q61i-59739a07bfyo,GHS,IDR,2022-01-10 07:44:45,3.33
jopxhnbc-2054-9b01-h19e-36907v26pufa,KES,IDR,2022-02-08 23:03:28,79.48
rairoksb-1597-3j45-c45q-03272g18atix,EUR,RUB,2022-04-14 08:20:38,97.83
mmgqzifz-8198-4b17-b11s-98777g57zpnb,HNL,IDR,2022-01-31 19:40:53,23.84
cdkfqbpx-3244-9x53-y36e-53579j12dmyd,USD,RSD,2021-12-06 14:40:14,68.36
tyuyylai-7103-7y04-y84f-84524x05uffh,CNY,IDR,2021-10-23 19:33:16,32.34
aoedpkbs-9244-6b85-q55o-56685o25hpdf,SDG,PLN,2022-04-15 21:16:33,70.1
pszbqank-1756-8q09-y32h-61069p91yjdf,BRL,ZWL,2021-08-13 19:37:24,31.05
igfhzppx-4908-6k48-n82h-83671x34uvnp,LTL,PLN,2022-01-16 00:41:12,53.56
iwunjlmf-7783-9w04-v46p-93688q73kazb,CNY,PHP,2021-07-15 01:51:02,85.97
rvoiurja-6947-7k25-r29l-07068c19lodu,EUR,EUR,2021-07-16 17:51:11,8.68
glufenyd-1478-0o91-n47j-63937v30ogah,SEK,BRL,2021-10-20 08:29:48,39.0
vazwsook-2978-2f21-t36n-59997j83uryq,PHP,JPY,2022-06-03 17:47:30,51.13
tseykxcg-1094-8g08-h88m-48323d70dgod,IDR,EUR,2022-01-06 08:25:57,15.05
jlrzjjup-5886-3z64-y94o-71330m15wcrv,BOB,BGN,2021-12-18 18:53:15,6.47
pphvqqnz-8899-5m41-w42q-01445g42uyli,CNY,PEN,2022-02-18 07:12:54,64.6
ocqmzlsd-1329-1s71-x98r-39666u55kawp,CNY,CNY,2022-05-05 10:44:41,81.11
eyrdbefb-4959-3n86-j04g-13249u51mmzc,PHP,EUR,2022-05-08 23:33:38,72.28
gyxaldln-0228-4j11-k58q-99207w92zvci,PHP,RUB,2021-11-18 15:04:35,34.44
xewpopac-2114-3a82-z78u-75663z20gzeq,RUB,MXN,2021-09-14 12:36:03,84.71
tvqjluub-5085-5t44-l65b-74880g03cejq,RSD,XOF,2021-07-28 05:16:07,92.26
omwviyra-6260-8l29-t61r-64286o56tpxr,CNY,EUR,2021-12-14 09:05:23,11.13
sbsacawb-5847-4v41-g40w-40502f54amhz,BGN,IDR,2021-12-01 11:05:20,7.47
mxnaculz-5896-7p58-x41i-17979k72bpva,PHP,IDR,2022-05-24 04:32:42,15.08
bynbkneq-5165-5b84-c87l-95614a10atmi,CNY,JPY,2022-06-14 22:06:52,29.92
ytozuhfe-5262-2h16-x29x-31247z43npzu,CNY,EUR,2022-03-06 09:41:28,33.33
lwtjptno-6179-3e08-i87v-38276h75ddrj,KRW,USD,2022-03-06 09:33:13,40.03
fpywvjoy-7634-0c63-t22t-63543o80ajsb,RUB,BAM,2021-10-04 05:14:43,65.52
scsduzid-1319-7t62-i63q-75753f76qkry,VND,THB,2022-05-12 07:54:31,65.09
yjpatyjd-5973-6r56-k37k-54286g46zwjk,CNY,TZS,2021-11-07 05:33:41,16.8
vbsbxabb-8760-5j63-l46d-26487n32bmbm,RSD,CNY,2022-03-04 15:56:20,99.11
zlwsndkm-6853-4l85-t89w-21802f54tmrw,PLN,BAM,2022-01-19 18:21:58,87.88
qnjoztqq-7465-9h51-l84m-95710u56gdpz,EUR,USD,2022-04-26 08:38:00,75.67
gntnofve-1799-1i56-s35h-77635r84haui,USD,CNY,2022-02-20 20:24:32,94.19
knonbdot-4101-2g71-o88y-06111d18xuhw,CNY,LTL,2022-02-21 11:57:39,86.82
pyotgefz-9486-8a30-b11q-31925a13dirg,EUR,CNY,2022-04-04 21:12:20,76.25
pmgmdhnk-6019-4o44-w66j-18706b69rsdx,RUB,VND,2022-03-19 19:33:59,43.42
nefqlgxc-0154-1q98-t37m-52237o70ffwf,UAH,USD,2021-07-29 00:01:32,10.27
lvhqlqle-5740-6h24-x68l-66993r19yzgo,JPY,RUB,2022-01-22 14:17:43,94.71
pbwtchjy-4930-3s68-n38t-09417d47cvfu,IDR,IDR,2022-01-08 06:07:07,6.46
otivsrbl-0209-7h92-z47b-53872c14afoo,CNY,BRL,2021-10-11 22:25:21,74.71
trnmjmyf-7822-2o19-y35e-43002k45bymk,IDR,EUR,2022-03-19 04:34:27,90.74
exymfdut-3179-7g24-f99t-10559p35jfmp,CNY,CUP,2021-10-09 10:41:12,16.33
azktilny-5839-6t92-o24v-54239b35oypc,CNY,RUB,2021-08-05 10:04:49,20.27
zcjxhamq-7133-4e90-m12c-11365i70jcgy,IDR,AOA,2021-12-22 14:52:40,8.55
omzzoxjl-2946-9i75-x59y-91840v41vvnq,CNY,PHP,2021-07-30 02:58:28,45.74
jmvanfou-4268-3q74-c77j-44660w62xnyc,EUR,CNY,2021-12-30 00:49:07,49.0
bsufihlt-7895-3g64-z15r-70754f80yyin,HNL,HNL,2022-01-22 10:36:35,24.81
bgucnnch-9225-4j19-g85z-92748p09uqku,CNY,SEK,2022-07-09 15:36:20,79.7
hthaipgz-5891-2l15-x02z-95134c31cebm,KRW,RUB,2021-12-29 12:06:05,38.0
lruvipdp-1092-1d23-i75m-90752b29qbqg,THB,VND,2022-04-13 08:06:03,88.92
xaltbsnw-5729-7a33-o93v-52189v80emln,IRR,CNY,2022-04-07 17:05:55,28.5
bqgmwiko-1906-2s84-s26s-08806n90xwnd,UAH,BRL,2022-01-27 05:03:32,6.24
sididfhi-3185-8l93-b27e-90818g04ttpl,VND,USD,2022-03-21 10:03:17,95.58
ojqisdiw-3724-5k48-c86r-98559y03awej,CNY,COP,2022-03-11 23:07:59,33.53
evczekjh-6302-1x71-i06g-97982g59mvjd,COP,ARS,2022-03-23 02:01:18,47.31
awhwwudv-5828-7u30-x66n-36157l50nvkx,CNY,CNY,2022-03-05 01:03:50,24.61
mewxlmoj-4467-6w35-c09i-78378q65yvkn,CNY,PEN,2022-06-25 00:35:47,70.38
rzheekjz-0493-0i57-a82a-34033f40ymdj,EUR,IDR,2022-04-29 01:36:53,99.62
cywieywn-8442-3b72-p45r-66748b85sxto,CNY,CNY,2022-04-24 18:42:16,2.89
mxsodasx-6532-5n85-n53a-45702y06locj,EUR,IDR,2021-08-17 12:05:36,1.17
ojkpoyzg-5262-6b54-y08r-86245v35fqbv,PEN,CNY,2022-04-27 07:48:17,39.55
mrqzlutp-7808-5m40-m22p-47568r40ible,CNY,CNY,2021-10-19 07:24:17,74.12
htxijyjv-5175-4t75-h70c-71891x92pjnz,IDR,EUR,2022-05-01 02:28:35,95.48
igbgrmsv-8594-9a25-a17i-28076c15hofe,CNY,PEN,2021-07-20 23:46:52,25.05
eapvkjac-7991-6s52-o21j-75021s57faer,CNY,EUR,2022-02-14 13:12:49,40.94
efcpdhkn-4942-7x28-q85t-72161i67cmgf,RUB,KZT,2022-01-12 21:56:32,71.58
ddkbsqsc-5039-7c52-n35g-56941n02cfrc,CNY,CNY,2022-03-27 19:27:57,24.75
dqwxnkra-5104-4c43-d81l-26485z47ymne,SOS,IDR,2021-12-10 06:34:45,8.69
swwxmfjb-9577-6k12-s15b-76463a37dasy,EUR,PHP,2022-06-24 06:40:08,75.52
nefjjpnv-6183-6x49-o33x-48737m20gugs,USD,CZK,2021-12-07 18:05:48,99.39
qravkelq-2788-7c87-b00g-75912t16ppfi,PLN,EUR,2022-02-09 16:15:45,41.79
wnrjfgdh-8103-5q98-m03r-04286w20cwoy,CNY,EUR,2021-12-26 20:02:25,29.95
hlefxuxg-5913-2g50-c32l-73348s52wpyk,RUB,IDR,2022-03-05 19:51:32,37.8
qziraxly-3947-1u29-z87u-95704q66mmmz,BAM,UAH,2021-09-19 03:44:49,73.33
agulgydk-9028-5y20-l19x-68285h15odmh,CNY,EUR,2021-10-17 08:41:11,90.5
zyinwhmc-9222-5t25-i69f-43880u86fhbm,RUB,UAH,2022-04-16 05:40:50,75.14
woocvbjo-4881-2p31-o60s-76308d92uoqh,BRL,JPY,2022-04-14 10:57:57,45.65
dsfheylm-0336-1z68-s62i-20218t67ojcw,IRR,IDR,2021-12-25 01:59:50,8.58
hoehxwvg-8698-9h30-c72x-12173t82splc,UAH,CUP,2021-09-19 18:16:11,64.88
jkqjyyjy-5180-4m68-v92d-22999b27sefj,EUR,ARS,2022-04-21 19:30:33,69.19
znpdjqfj-0830-0a85-o59c-62068q95ktsc,CAD,MYR,2022-04-14 03:09:41,26.92
bbvdfpsa-1999-6a95-o86h-80773p31qfof,EUR,PHP,2021-07-31 23:05:21,16.73
pcqgcshw-8875-9j26-p02m-50012u88raaj,VEF,VND,2021-11-08 12:32:38,39.16
ctwxgxun-4540-8k47-p23j-40123d44nrpb,BRL,SAR,2022-04-21 00:03:48,8.5
yvuqbhkw-0344-7b20-h33a-04150s50lqkc,CNY,BRL,2022-06-21 12:02:06,95.13
abkymftg-1035-0e83-v42x-54645h09odsb,JPY,EUR,2021-07-20 19:24:45,38.21
nnzueesj-7207-1t43-k09u-98142v40jqbn,PLN,CAD,2022-05-27 10:08:29,72.28
vtmqjchb-4406-6e74-r81r-25498f64hlvy,CNY,BRL,2021-09-19 09:23:59,60.76
jjzewkmx-6185-1x38-c33n-82674y42ovao,KPW,UAH,2021-08-05 18:11:07,50.79
dxeyosio-2998-4m31-z45j-73986v83seub,CZK,IDR,2022-06-17 08:29:44,80.72
pfmkaakr-8113-2w42-i47k-08041t29fwbn,JPY,EUR,2021-08-23 17:09:48,34.48
clhxsfzf-7326-6m94-p75m-64519f46zsvf,CNY,IDR,2021-10-13 04:41:31,60.62
osvrunjr-5769-4a48-l22o-57465z65hdro,BRL,IRR,2021-09-26 07:57:51,16.6
xqbwtkml-2454-9d34-z79z-62453o57vtgw,CNY,SEK,2022-05-09 20:51:13,59.77
quiilyci-6921-4r63-g74z-73818y34gysg,CNY,USD,2022-01-31 15:25:23,65.88
oaokpsxf-6159-6o67-h13d-96195m92reva,RUB,IDR,2021-10-02 19:47:03,74.37
jnpdmtlk-5226-8e56-v69p-54391l00gezk,IDR,EUR,2021-11-21 12:04:03,96.8
pqyosfmu-9448-5e56-v81y-21610p65szyc,AUD,IDR,2022-04-21 05:42:34,76.42
kixccmvr-9733-0y12-k10a-53888b41fbfi,MYR,PKR,2021-12-29 19:18:43,72.86
tdquzcpo-7497-5b61-y86n-85232a84ayfl,CNY,HRK,2022-02-24 18:25:17,30.52
ytbqkdoe-9283-8w61-g64l-80487e14zgcf,IDR,CNY,2022-07-05 03:30:49,7.37
ifkgzuie-4450-3y68-e44q-96970b77fjmt,CNY,MXN,2021-12-05 11:57:01,89.02
whoytvln-5332-7a34-u49v-95312z33iawt,KRW,COP,2021-08-25 12:05:51,52.48
rcmppybt-0336-6d68-y63v-32369h36rzxr,CNY,EUR,2022-04-26 06:49:03,36.67
ltybsoev-4614-4f88-b52p-40456o31kygr,DKK,RUB,2021-12-14 19:02:25,44.96
lytjcgri-5645-7h69-w92h-14359x91lxxn,EUR,UAH,2021-07-21 16:43:21,11.74
njiwakkd-4965-8h72-l22p-48356c46ssrd,CNY,SOS,2021-09-09 08:31:35,39.08
ixfuzrgk-5800-1j15-f46i-29802t13qdjj,RUB,CLP,2021-07-13 08:48:47,34.71
eytsbkpx-7018-5n84-z57b-38718i61yqaw,TJS,XAF,2022-05-10 06:56:22,72.85
ivnjxcjv-6252-7h83-y51o-05285n87ddpy,TZS,IDR,2021-11-21 23:09:06,41.29
zxcsdwjb-6780-3u04-i85m-46199f80ijnc,RUB,TWD,2022-04-05 04:41:50,79.75
afassqyj-6087-2e77-z54v-59907b99vqua,CNY,NGN,2022-06-16 11:41:16,29.47
lhczdbzp-6799-9d61-u87j-36709l76uflj,KRW,IDR,2021-12-18 09:16:35,4.1
ayttkuhq-0562-3l76-r53x-37565v17fyjw,CNY,EGP,2021-12-22 19:19:13,73.63
cyrryynx-5624-3h37-x59m-13846b57peqs,IDR,USD,2022-06-10 04:17:03,13.41
wvqtlfgq-8990-9j84-j46r-42383w04ctim,UAH,BRL,2021-10-14 13:20:21,63.18
xhzrnhng-4886-3a30-z96g-15998g79jrps,PHP,COP,2022-03-09 19:26:17,70.36
pbxdjzxl-2679-2o31-a56p-01180v78uvkt,PHP,CNY,2021-09-20 23:41:37,23.08
krcrvsqg-0071-9c57-y77q-63392g34dxov,EUR,CNY,2021-12-16 12:51:34,31.27
qjgwbatb-5246-9p85-w64m-20849h33updx,IDR,PLN,2021-08-03 00:59:05,32.67
rrkgkyvq-1034-9y97-o20c-28357f73jebw,CNY,USD,2021-08-15 06:51:33,19.96
wkhjadpa-9761-2r54-k04s-72753a97btxw,NGN,CZK,2021-10-17 20:57:19,36.97
puhqktsg-0120-3v92-z07e-91177u37rjus,CAD,EUR,2022-02-02 15:07:45,88.09
eblygdbi-7262-6u04-m18m-11332h72mnee,TND,IRR,2022-02-13 11:45:00,58.78
qoaaqxsm-7388-8x41-h71g-36972d30aoap,BRL,ARS,2022-02-24 19:06:24,59.89
whhsuywi-8479-6e55-q89y-81950p13fqxi,GEL,GMD,2022-01-16 15:17:04,26.27
yywejrkq-5368-8p36-v00q-12317a60etmo,RUB,PEN,2022-01-11 20:43:27,65.61
lbsxrwez-9996-1u59-m70c-88914g05frlt,CNY,BRL,2022-05-24 17:04:50,80.62
ockvsltm-0285-6y40-y60j-79731b63ljft,PHP,RSD,2022-06-07 07:39:10,72.29
lusstdtc-8333-4h36-n20u-93505p69xlxb,PLN,CNY,2022-06-26 05:51:44,14.08
ojraarbg-7793-8r63-z24p-05958w26hlfo,CNY,IDR,2022-05-26 03:24:52,10.3
xpzutgdw-4739-4s42-e22t-90714y35nwkh,CNY,TND,2021-08-23 04:55:22,24.37
mdpeslmo-0334-7l14-j05r-24895j52lakj,CNY,PHP,2021-09-09 11:09:06,9.25
gdrqvosa-9116-5c65-a68b-36695t95tgwp,EUR,CNY,2021-12-01 21:26:13,90.81
ahbhcxqi-7073-4z83-a00q-32812f19dvkj,CNY,VND,2022-05-07 22:45:35,23.56
enjdlajh-5624-7c46-b53g-24894g48ctcw,CNY,PHP,2021-12-04 23:35:07,29.98
kgbxztvr-1923-8l55-t22d-33587i28vdho,PHP,CZK,2022-02-09 02:56:05,19.94
mrhnhdsi-5287-9f15-o67g-63374b10dwwb,AMD,PEN,2021-11-21 07:15:38,29.49
jterfssd-6244-1s96-u38w-82872b36kcgq,PEN,RSD,2021-10-19 11:42:55,93.72
ggijkswf-1961-8w69-a60c-16296d99qexq,KRW,GEL,2022-01-19 09:50:06,91.3
hucunsuw-4435-4x21-l06l-32233s77dwjl,CNY,IDR,2021-08-16 11:46:47,42.18
sogmxmtr-2724-9d76-x53z-30564w66jaum,IDR,AFN,2021-10-23 09:39:18,41.97
vehwmftz-7648-9c21-s84o-07834w80azmp,COP,CNY,2021-11-01 04:36:27,50.55
covqdrlz-8720-5t07-h57v-73071v94zzrh,PHP,PHP,2021-12-30 16:15:19,65.15
ndvwhfol-0453-0e31-a93h-98732o95crpm,KZT,CAD,2022-06-22 20:28:43,5.01
onmvvejp-1067-7u98-w42k-47188u52dpoa,UAH,MNT,2022-06-12 19:08:27,88.58
zoatkmqh-3679-4g89-t60x-42342g55zfoh,CNY,PHP,2022-07-01 00:00:57,24.04
arhthwlk-5537-9q76-i60r-59996w18dcjv,CNY,EUR,2022-05-24 16:10:09,28.99
ydyevvff-6967-4f04-v23k-68974b20dvqe,PLN,BRL,2022-03-21 09:01:36,65.95
dcnrikml-9785-8n57-b75l-69857f09mvws,THB,PEN,2022-01-27 09:47:21,53.37
leizijux-3192-6u83-k25l-52258z08ggpi,NGN,IDR,2022-01-24 12:51:39,13.22
ctlpsyvy-5066-2q59-c04l-29310n61zrkg,MAD,IDR,2022-06-27 14:10:02,22.65
nsrphgkt-8770-1p89-v65n-92261d09rfug,PHP,EUR,2022-05-25 07:25:22,22.2
hoysgzlj-9518-8e65-b68b-86022z17spff,LKR,RUB,2022-06-14 07:06:41,88.61
lolzvxsd-5787-0l72-e10e-51634w32dgda,BYR,EUR,2021-08-28 19:39:49,42.97
loznffjv-9859-6y68-e57b-79287x18mame,BRL,EUR,2021-11-24 16:30:50,28.57
zpopjytu-5674-9i22-w26i-13900d32tjzt,GNF,SEK,2021-07-26 14:25:05,98.1
pldedwpz-4472-1h80-p09w-70637q09fmco,IDR,IDR,2021-12-22 01:32:49,93.86
crepobth-2386-1k58-o33z-89548g58jtft,JPY,BRL,2022-05-07 09:53:49,2.35
jghrkuws-3607-0u54-p13b-38383r42ssqe,CAD,UAH,2021-09-06 16:45:11,43.46
nneridga-7104-7e82-e25t-49807x66mznt,UAH,CZK,2022-02-28 07:47:45,54.06
lgalolzx-1769-6h60-m34s-03123l75nnrt,IDR,EUR,2021-10-29 16:13:58,76.83
xlglnkgy-9383-6p59-g09b-44106t13mmep,CNY,CNY,2021-08-10 22:54:10,43.81
efznuezg-4477-7g52-y07a-68761e77mioa,IDR,CNY,2022-01-26 23:13:54,45.29
vwqhadzt-5344-6f29-b04d-47035s02zplf,PLN,MGA,2021-08-18 04:57:33,87.72
ggkcdcvx-2471-2z10-o73s-36259r20dbjh,CNY,BRL,2021-07-23 00:37:00,37.18
ephkkbdk-8608-7t43-q13w-91615p68glbx,JPY,JPY,2021-11-23 06:44:12,13.52
ubcdgmxw-7343-1k98-n34v-51583y41dzqs,SLL,THB,2021-09-10 19:30:05,58.5
jpwmdobe-8174-9t11-n40f-54827b38vtvd,ARS,KZT,2022-05-11 00:40:10,97.49
qyccfdqv-2395-1m85-u00r-96755f17ngpr,KZT,MXN,2022-05-15 01:45:50,82.5
lwqlqqpj-3967-8e34-b15p-39362x39kevh,IDR,HRK,2021-11-10 18:33:12,20.97
bewajotn-7092-6d59-l56o-73831c22yevy,IDR,CNY,2022-03-02 07:48:53,50.55
qkqnhvgk-3044-5u71-w13u-77990o53rpwo,CNY,PHP,2021-08-21 18:28:48,72.29
nkdcchyf-2785-8v87-j75g-74747u46dyts,COP,CNY,2022-04-05 23:49:26,60.52
vtempbwq-0533-9l92-v91e-40189x86geci,THB,EUR,2021-09-23 20:41:42,77.41
moqkjpny-9170-2h10-m29k-62142b06bfjn,UAH,PLN,2021-08-06 17:56:04,58.66
cqikvnxi-9887-2x51-a88e-22718i50qmgu,EUR,ARS,2022-02-06 00:45:15,76.88
zqzimuou-2855-5o53-k38x-35196i34ofsj,PEN,HRK,2021-09-17 02:13:05,43.45
tqfkdwps-6547-9l43-l01y-88202j42tssm,PHP,CNY,2021-09-18 10:00:25,32.82
jevxbubk-9367-0h59-z91v-43773w31ruuw,PHP,IDR,2021-09-13 23:59:24,59.3
feumfvhq-3653-4e90-a05n-18437h29tsdv,CNY,EUR,2021-07-30 15:51:17,82.0
jnpkfioy-2477-8g61-v38g-84372r34soza,SLL,SYP,2021-09-22 13:54:55,58.72
eqmxxvjl-1720-7b47-v25o-01558n14hqjx,MGA,YER,2022-05-21 20:55:26,15.17
czfoavpa-3719-7q36-z24x-22520o71yaai,PAB,ILS,2021-10-01 08:50:31,36.41
kywlzfkz-8430-5q66-u42u-48230w95gkfd,IDR,RSD,2021-11-27 17:25:53,99.47
qhkihhnw-4345-4d69-c85m-96572r83mhsn,PLN,EUR,2022-05-24 21:06:05,78.08
untcsftu-6253-2z26-f38p-33540y05kcpr,EUR,CNY,2022-02-22 17:58:13,16.24
ecacffii-0359-0m11-m34v-54729h94sacl,PHP,EUR,2021-08-04 02:30:19,86.75
sxobdych-2349-2u30-a33p-13563z75nqny,EUR,CNY,2022-06-14 08:04:53,2.82
zzgiiorp-5327-2k26-a33u-34727v00wbae,LKR,VND,2022-04-28 08:53:27,19.4
wpsxequb-1192-7n81-t93l-65012t67wxmy,IDR,RUB,2022-06-27 09:08:26,85.98
uhdoswjp-8836-6q71-p90n-33138y75limh,NIO,CAD,2022-06-20 10:01:33,17.78
adpndixk-4614-1e58-k80t-74664v65sjiz,CLP,UAH,2021-09-24 09:19:46,39.51
gpopbmep-0993-3j21-d92d-53669y95raac,RUB,RUB,2021-10-16 09:02:55,6.95
qxfoksay-0767-5g45-p94p-35403g32jjld,BOB,PEN,2022-05-26 02:24:15,90.45
ixdyfbxq-8863-4u17-k42r-98259t11ochz,IDR,MGA,2021-08-14 01:27:35,84.42
xrswnvyq-2636-7l87-m52e-81756h91bsqc,CNY,SEK,2021-10-10 09:35:01,49.78
eucgeyir-5231-4y37-t15u-90127n79nbxb,PHP,BRL,2022-05-02 03:24:49,68.75
wgpcvtpj-4481-1a54-d87o-27911h95qjet,EUR,PLN,2022-04-19 17:00:55,22.14
ndujampa-5838-2r26-a21d-46813a52jbcc,EUR,EUR,2022-06-12 12:38:34,91.49
uylvlpza-2262-1a51-f89v-74186y94xuas,BRL,CNY,2022-01-21 22:11:50,58.01
cohwoetd-0615-7j76-n54u-78223k40vopr,COP,IDR,2022-01-17 12:07:29,38.88
mfarpkwl-3731-4h48-p33m-06907f91yspi,CAD,EUR,2021-11-18 04:22:56,1.22
psjhdxxn-0380-9s01-k92o-47601w23zjnj,YER,IDR,2022-06-19 18:18:02,12.64
dwqcpbiq-4371-8q53-g91d-93645l65mywo,CNY,BRL,2021-11-03 12:31:14,74.51
vkoyvjsn-9352-5n15-f86y-89300u22fjwu,CNY,CNY,2022-06-25 01:34:36,73.03
wovujpps-5185-3r61-r70i-02805d06ibjk,SEK,CZK,2022-01-18 12:37:06,62.97
fyjvnxgh-8699-3p20-k35l-12243w96sxgl,IDR,EUR,2022-05-31 19:57:38,66.57
nlxoscdx-3343-2r73-f73e-37896z28trkr,EUR,PHP,2022-01-13 20:23:06,94.98
axqnyyzs-2033-0z49-m38i-84068v01wesb,PLN,GTQ,2021-12-27 14:17:41,59.25
epbxwbte-0348-6o94-v69w-99483s74umwf,PEN,EUR,2021-10-02 02:28:31,91.06
pmwhfhxg-7967-1o38-k31x-12164z06ctbb,ZAR,IDR,2021-08-08 13:27:00,23.01
efnsbxic-5069-3z42-l57b-57548r61yodl,BRL,CNY,2022-03-24 23:47:24,95.44
jrhguraz-7574-3k43-o36e-89152y74eccw,RUB,KZT,2022-06-03 00:25:00,60.3
hdqbsczm-5072-5t31-m50c-14002y74mlqz,CNY,IDR,2021-09-13 07:19:14,42.48
cyxlzevw-6420-9m19-g92q-08319z82jmvs,PEN,IDR,2022-05-08 13:26:15,72.55
vfuuvtwg-8064-7g54-k94r-48493z22ztwq,VEF,TJS,2021-10-31 17:22:43,12.04
apzjgxyy-3965-4e92-l81q-17284a18jrvl,IDR,RUB,2021-12-25 09:16:33,42.91
mrfmujie-1502-4u27-m23v-79583b66ieho,EUR,MGA,2021-11-02 10:54:22,89.12
jwxmggcm-5869-5x38-g24f-32442x99ewvp,EUR,JPY,2022-06-27 06:16:44,45.31
huohukmy-2343-3i17-k14v-35758e95rpab,JOD,ARS,2022-03-25 17:08:13,64.35
kvjzhzwt-0116-4n38-m97v-44624c44nagp,IDR,MNT,2022-03-30 19:53:46,78.95
bsionsol-5291-7q86-w79z-24947t12rieo,CNY,IDR,2022-05-05 03:53:16,86.1
tfcnqcwf-4135-9f99-k50i-96338n30rxwy,ILS,CNY,2022-05-12 14:49:54,46.39
ojzewggj-3826-2g45-p96z-95563w90olsc,ARS,ALL,2021-10-24 08:52:55,99.44
zqzvxgie-1222-4f85-o55a-27299g31ihrx,IDR,PHP,2022-02-27 01:50:39,38.26
tdqmyarb-6651-8j03-b72k-79095i78idkj,RUB,BRL,2022-04-16 05:24:44,74.63
gqdkpxnl-3059-2b63-l99h-08198b90scwx,AUD,JPY,2021-10-25 03:56:20,75.98
rmajupbv-5102-2s35-u04i-01016i57ljtl,CNY,RUB,2021-12-20 05:19:34,35.23
irjurzkb-9050-4f06-z89a-03569l91yuwi,UAH,BRL,2021-11-30 08:53:44,58.64
bmzdewni-0712-3p70-u21s-88071t27jcov,EUR,BRL,2022-04-20 23:33:55,92.06
njhltzyu-7661-3x09-j37o-19257p65luut,RUB,USD,2021-11-11 14:23:29,92.7
ovhplinz-3171-1m05-m52z-48418w56gmgm,IDR,MDL,2022-03-10 04:08:36,42.39
gbplzbcx-8636-6t52-s09q-32338z68zcgj,CNY,PYG,2022-02-12 20:05:41,37.14
vqmviktj-9401-2z98-w83p-10858w93xblk,RUB,JPY,2021-08-30 00:34:12,93.05
mjjgawso-4304-4h35-g41n-69471d73fidm,DOP,EUR,2022-06-28 02:44:27,57.23
ganjlaty-9674-2r10-b78c-08794u17pmfz,LTL,CNY,2022-07-06 11:02:33,79.42
ioyqvxfe-7707-6z93-k58x-34918p10rxoi,EUR,PHP,2021-12-10 08:04:00,98.96
wrtqgtuz-3995-5i21-f04a-98723b03fvnl,CAD,SEK,2022-05-13 02:27:28,47.96
vnqgwukl-7903-0l74-f24n-14210n88cxui,ILS,BYR,2021-07-29 09:42:23,19.73
enedojdf-9837-3r33-z01l-83870t64rbht,EUR,RUB,2021-10-03 13:23:32,25.29
jgsijspw-3289-5b01-q89x-66271s82eosj,RUB,THB,2021-10-14 04:39:43,80.09
lcdgskez-7621-6w71-u99h-55159z33yrrb,IDR,EUR,2022-03-01 06:08:49,18.48
lybdvdxz-1542-8y65-t89l-17983z24ctkl,CNY,IRR,2022-03-25 15:34:29,3.99
hcmmpriq-2940-9o97-c27t-34929c59bjvk,JPY,EUR,2021-09-08 17:19:31,5.54
rhukfjsx-0294-1o98-o82u-28340c83iawi,PHP,CNY,2022-03-04 20:53:00,16.14
eirnytvo-9307-9m00-l45x-65458u20iztj,CNY,RUB,2022-01-05 08:02:34,28.31
jmemztxe-3298-5b13-w04l-05447q60nuar,CNY,USD,2021-09-17 05:44:17,75.79
npwcizst-9324-2w57-i44d-70253z76wxzq,KPW,KRW,2021-07-22 03:19:57,80.08
ahhdkpig-5365-4o23-r01l-74834l59fzza,PEN,IDR,2021-11-10 09:15:42,86.33
zxllcjdj-7504-8x47-v21b-85130m26anrs,CNY,PHP,2022-05-05 07:34:20,97.33
eczsbywx-5610-2e46-c77n-02118v73rjfd,RUB,IDR,2022-06-21 05:12:07,37.21
kjnimril-7593-6e59-j60l-56974c94oifv,IDR,CNY,2022-02-02 13:46:28,76.28
tdjrainy-2035-5m34-i71n-28292n48yyqu,BDT,XAF,2021-12-12 17:55:35,47.78
trsfbzor-4781-6g17-q50k-86092a34dbdw,MMK,PHP,2021-08-21 22:37:45,74.05
qkocxffi-8084-7h80-q38a-37405h95gqem,CNY,CNY,2021-10-05 11:55:56,14.02
xnixnovx-8734-4q41-j19v-37243s56enwe,XOF,CNY,2022-02-05 13:27:27,90.93
wuinarev-7915-3l67-b64g-88408p37ggwq,IDR,THB,2021-08-08 01:46:52,94.82
jmhsproh-4581-2h53-n39w-65135k33wnfb,CNY,PHP,2021-10-16 04:46:49,3.52
voizyilr-3292-6p78-k26n-97864p57hjmg,EUR,CNY,2021-09-23 19:38:13,5.63
zhwzsdnd-2221-7x39-e30q-48155n35cqbh,CNY,CNY,2021-11-30 23:48:54,78.41
txrbcprt-9631-3c07-f17o-36149x10msfz,USD,SEK,2022-03-15 17:09:01,58.18
vghyrxmt-1808-0u12-g51j-40563n50gmbx,CNY,PHP,2022-04-09 14:26:51,29.32
uckjaxmq-5471-3z30-s33i-58753h34rejt,RUB,SDG,2022-01-17 14:57:46,35.03
bkcsvfri-0527-9o19-p13h-69439o46knne,HNL,RUB,2022-02-01 23:37:02,30.27
drngwtgj-4458-4t28-l23f-54341w60kvlu,NPR,RUB,2022-01-16 04:37:07,64.01
xvflhlmb-6985-9l51-o51k-21200m90kzew,EUR,SEK,2021-10-01 09:06:22,99.89
rmhqhmco-6941-1x05-d51l-15531x32qmar,COP,CNY,2022-05-06 01:50:22,49.51
ygyjvlzq-1006-8r38-e13x-06938x79vxtt,BRL,CZK,2022-06-24 23:21:54,75.17
onvmmwin-7546-2z32-j57r-99891k94aixj,SEK,HNL,2021-09-05 22:46:12,49.32
cvbppwft-0602-3q29-u16j-06122e09aicd,SOS,BRL,2022-01-29 04:00:38,96.28
rrdihdqj-9593-4u66-o52o-14591s27shjz,MAD,EUR,2021-10-11 01:02:51,84.67
bnptspwc-3465-6v48-i70d-59787p21utxs,NGN,RUB,2022-04-04 17:17:14,73.31
yqhuejnn-0209-5l70-i44c-74505l07edct,USD,IRR,2021-08-21 00:10:14,66.85
wupgmhwn-0593-3o69-m20g-72717y47zpxw,PHP,CNY,2022-05-20 22:49:51,95.15
tfsgowiw-4153-0g38-j07z-13925m07iyvu,PLN,LKR,2021-08-25 16:29:53,47.06
ibptomtd-0666-7q90-x33l-52700b20ualk,GEL,SEK,2022-06-13 09:19:20,74.64
llrwllas-8678-1o32-v19e-54943x99klsv,CNY,IDR,2022-07-11 19:12:30,49.79
poyeszgg-1224-0t74-p16w-99730q44tzvo,CNY,IDR,2022-02-25 04:45:07,6.16
hawlpttm-4011-9a55-b40d-44436p20mynm,CNY,IRR,2021-12-16 17:16:55,31.06
oftisxjc-4112-9w80-c55q-29428d16dlur,CNY,IDR,2022-02-12 10:19:02,76.86
dffvcpkw-4438-6g44-a31x-90477k89rahm,IDR,CZK,2022-03-26 16:24:58,36.2
qrfwwtxr-8084-6k33-s76c-25510c82tnak,BRL,EUR,2022-02-01 03:47:20,96.82
tgwxexjg-6012-9p15-h88u-40353e77udjr,IDR,BRL,2021-08-17 18:30:34,89.63
lktnjkfq-3400-2y27-u99j-80384y66cift,BRL,IDR,2021-10-19 04:12:45,61.33
gkmvmqgg-0518-6y34-o58g-45863e52mqnr,IDR,CNY,2021-08-07 13:59:04,49.31
rnfbzlyo-5775-5w72-x34a-72315p82nruw,RUB,CNY,2022-03-03 00:56:37,13.65
lljkpkff-2509-9e19-a87o-54629f34xnae,ALL,HRK,2021-12-29 12:53:26,75.29
agebiwfl-5381-4d81-g96q-53105i89naro,CNY,EUR,2022-01-14 19:25:52,68.34
rqxvzmav-1842-6h65-s39p-12857m14pkwf,CNY,NGN,2021-07-20 19:26:57,5.01
zmkrslkp-8647-5w69-h39d-77476x88nudx,CNY,VND,2022-06-02 21:44:20,66.88
zpympteh-1979-8a70-v07u-70045o84lgdk,CZK,PKR,2022-03-19 05:56:20,73.44
gbovxtxv-7691-2z39-e43n-69510v76jwhu,CZK,CZK,2022-04-10 02:19:08,46.94
qtydluwk-8962-1t18-n92u-56245a65yhow,RUB,EUR,2022-02-26 18:11:04,13.85
nssfdljr-7870-4f03-w57c-29613s92nexl,EUR,TWD,2022-01-20 23:55:39,82.33
drgxgayj-3564-1o50-w53v-39220e42wrku,CNY,CNY,2021-09-17 19:58:42,81.8
envtqjdp-7982-8p34-g63a-16888y42bezl,CNY,CNY,2022-06-13 22:13:25,43.22
vosaunyw-5017-0z19-v38i-65130u03qfhu,BRL,JPY,2022-02-10 15:50:20,92.13
eeuqaftm-2867-8x54-m39f-08725s25cuuy,IDR,CNY,2022-03-11 20:35:34,36.92
rajlsewl-0104-5x23-p63e-93046f47bhbc,PAB,PHP,2021-10-23 09:12:12,32.71
cjltrjvx-6558-5q47-g57r-64402w17ayam,SEK,RUB,2021-07-22 04:26:20,43.84
olfiqoku-6254-4s21-u79k-14041d70rzqf,JPY,IDR,2022-05-16 18:31:36,25.23
isylilov-2497-1b60-i09u-25939m05bjzs,CNY,NGN,2021-09-29 02:31:00,2.09
yjjghvfg-7285-9t49-t70j-63433g89nndy,IDR,SEK,2022-04-10 16:07:47,53.53
rfqzhesm-8468-7n79-a67v-53965c93zffv,EUR,UAH,2021-08-26 12:47:02,33.41
nefucwji-1167-6p77-v58c-92105t60qkyy,CNY,JMD,2022-01-24 05:02:50,89.44
bqaaqtze-4857-2b80-s55d-31281k32mkse,GTQ,ILS,2021-09-28 04:34:59,43.58
nmnxsvph-6574-1g02-v05p-23113j88awep,EUR,BRL,2022-01-25 02:55:25,2.61
wzsuugeu-0179-4i57-i93a-23140s67juwn,EUR,VEF,2021-08-08 10:03:46,32.16
yvqmhder-1795-5o53-b02d-09466s60rlvc,IDR,CNY,2021-09-09 06:33:25,91.56
edeljwbc-1769-7y42-d87j-23399s06qibo,IDR,PEN,2021-11-01 13:22:30,36.43
viyisghp-8524-5t11-a08o-83212k78omvr,PEN,EUR,2021-12-22 08:55:30,76.28
pbjijhzj-5448-9p37-b34d-19868a65dcxs,CAD,CNY,2022-06-16 02:28:54,9.0
dbetljiv-8147-8x17-j33k-39912p83iujy,EUR,CNY,2022-04-22 21:20:27,84.12
lvhljvcf-3299-0s74-r64q-05545h96hrbb,COP,CDF,2021-11-24 14:28:27,18.22
tnzhifyb-7988-5o11-i40v-59630w77isos,VND,SEK,2021-11-15 01:06:41,44.35
rcaskems-0453-8y72-n68e-81870a56oqar,TND,BAM,2022-03-14 17:58:55,34.47
czsoxnmk-4169-2s12-u45a-31734j30idet,EUR,IDR,2021-10-21 14:55:35,69.14
pkezwsdy-9026-2p29-x64e-73520t17wbfg,MNT,USD,2022-02-15 06:27:46,58.36
ccubodhi-8266-6h98-m69b-08262q31gdkz,USD,CNY,2021-07-24 06:12:01,19.22
oxuanlvg-0576-2h47-c44f-60844g58xldw,IDR,CNY,2022-05-24 20:19:34,19.73
dsidlkgw-7524-6z68-e60z-15779p57puxw,CNY,RUB,2022-03-31 13:26:28,82.71
xwfyynen-2243-6e92-u86f-44349z75yyja,CNY,CNY,2021-11-07 13:01:13,48.78
inzdjmfr-9406-0d68-z88y-66371l58aukz,CNY,KZT,2022-05-30 09:51:17,10.78
orlwpfnn-6587-8m55-z03f-79533h61tinm,PLN,IDR,2022-01-19 05:45:57,87.75
lhwvvzoq-6157-2v60-a05k-06551v81bgft,PHP,CNY,2021-12-13 16:46:23,68.73
sosdqymm-3019-0h56-d04l-55685a35hiqa,BRL,NPR,2022-07-03 15:54:53,69.25
aburcrfp-0212-3e47-l63o-19912t47hola,EGP,CAD,2021-10-17 01:34:14,31.51
vvhovorh-7082-6d95-e61l-35977y63xkbu,PHP,MYR,2021-09-16 20:20:08,11.53
xzlxlvpu-3246-5m80-p03w-27659e63feci,HNL,EUR,2021-08-31 09:30:06,33.45
voadtapi-3769-6b88-g22o-53164v71gowc,CNY,HRK,2022-03-29 10:39:07,21.67
vgxvbzff-0634-3c68-i97h-58611m18wnfs,CNY,USD,2021-07-12 06:27:57,2.9
tqsowelw-4770-9i75-o85z-27771i43hhfu,CNY,PHP,2022-06-09 03:31:19,90.56
whukawdu-7221-8m17-m62z-53172c28bako,CNY,PLN,2022-04-18 02:13:02,59.94
kvlcffud-0889-2v86-u07u-75249o61rzwp,EUR,HTG,2021-07-15 03:52:52,45.25
rwudzakj-2336-6k50-m98u-13262t87ncfr,CAD,EUR,2022-01-18 14:17:15,60.36
nukmrdrq-5046-5g84-s86y-05316m11ugdr,IDR,BRL,2021-08-04 12:59:43,34.86
oeqkbzls-4878-3z17-z28d-22861x51yink,RUB,PHP,2022-02-16 06:25:20,21.69
bkdeecfz-5248-9g96-p17d-98040r63gaps,CDF,AMD,2022-05-07 00:49:35,82.97
elvljcxy-2799-4i73-n91g-48237y15wrnt,MYR,EUR,2021-11-30 01:51:04,2.26
jlamhodi-4422-4t66-x27q-50032q10jpsg,PHP,SEK,2021-07-27 20:33:42,72.24
ifujnjdo-3511-3u65-d84c-87852j65hwik,IDR,CZK,2021-12-25 22:49:55,22.7
cowtxalo-0875-2v69-j26m-97393t24nbhl,BRL,CNY,2022-01-01 12:59:59,53.08
brhgzmct-5361-4c55-p39p-62607z72ktpt,CNY,EUR,2021-07-28 10:19:12,62.61
yxortdvh-8186-6n36-l94r-41778u22gffw,IDR,PGK,2021-09-30 12:47:10,42.46
uzglczyc-2990-4p87-g44o-57445q01pvli,CNY,CNY,2022-03-20 01:34:00,9.71
vdtkofbx-0754-0m23-b29z-17554b51riho,USD,CNY,2022-02-17 11:06:41,63.22
bndgyauw-7638-4p98-m43b-20935q24kvuf,CNY,IDR,2022-06-14 12:13:14,30.82
namhjxmm-5879-0z54-x00l-50444j38ropc,UAH,BRL,2021-08-17 00:08:31,60.91
wnplaqpf-3293-8o06-n37b-69605h97rkyk,PHP,CAD,2021-09-02 06:52:58,68.4
qsavvpyy-8855-3o00-a10p-23890p94rogk,EUR,CNY,2022-02-16 09:23:00,92.73
rsrhmvoj-3411-7c16-w84v-90912d52mhpl,EUR,PLN,2022-06-13 10:08:22,8.86
yknpkiij-1466-9t06-i29d-54122n42olzf,IDR,NGN,2022-04-02 04:04:03,74.4
ejzcbsii-1610-3x14-q74u-92019b49doaa,PLN,EUR,2021-09-24 17:52:40,37.03
ouxgtxtd-6780-8b56-p45p-90960p19jbjz,CNY,EUR,2021-08-03 05:56:37,99.19
xxbikaob-6601-4w21-w70z-51551i42iiss,IQD,RUB,2022-06-15 05:54:31,10.97
rhjvcysj-2996-8l91-x74l-49171w98ufcq,JPY,IDR,2022-04-17 06:50:07,26.03
pdrvhior-6509-2o19-e50m-60555h88quhh,EUR,JPY,2022-01-21 22:29:18,99.24
zzpqboub-0791-6p98-a87c-38942a96gtvx,EUR,NOK,2022-02-24 17:10:01,23.03
twiolnig-0099-7d35-k76p-01375f28tsrq,PLN,VND,2022-06-20 22:11:31,53.89
lmipzobn-8694-7s55-m69h-69513m19ljki,IDR,CNY,2022-03-17 10:44:39,42.63
mcvdllcj-3855-4v68-z33l-94232e33hojr,PEN,IDR,2022-06-13 21:47:45,37.15
jmtqjwor-0348-9h93-w16v-73533z96pfnx,CNY,IDR,2022-01-24 03:00:54,75.27
xfhrktgu-7936-6n34-y62r-20272w03xqlu,EUR,UAH,2021-07-27 05:40:02,64.08
lfiwlcwj-1095-0e71-j42c-23942k03pvif,RUB,CNY,2021-08-03 19:41:47,68.73
ynkkiwam-9976-8y48-f36d-81319c45adzb,CZK,CNY,2021-11-19 02:56:24,5.53
dzpnxtjz-4459-3z61-g38l-12718w11ekrm,PHP,AOA,2022-03-09 20:39:39,70.24
zcbwdqwu-3190-1k68-q31k-11569t43ktww,THB,PHP,2022-04-17 20:23:58,25.57
vofvbbgl-8091-8u16-a73f-08219e81qutv,PHP,IDR,2022-05-20 13:47:59,13.55
cauymwig-6554-5v48-q22e-05394d09tlfs,BRL,ALL,2021-12-11 15:09:50,28.76
kpmjybcs-5743-8h88-e19t-38768z36soft,CNY,PAB,2022-04-29 12:04:34,96.27
inbtxzgq-2545-6a05-s86s-51213u74sykf,RUB,IDR,2021-10-03 11:06:01,9.49
tunulbgr-0808-0m59-b37n-74225l90fxgi,CNY,AFN,2021-10-29 05:04:07,4.63
wggqokrw-6009-3q28-o31t-85563m18jbgs,CNY,EUR,2022-03-21 14:52:17,29.28
togzekmr-1076-1e24-l15a-99874g76kwyj,CNY,RUB,2022-05-16 21:53:04,6.11
hbusriml-7847-7l19-z48v-90744l54rrpx,RUB,IDR,2021-12-25 22:30:16,55.76
oyafmcba-3939-9s67-b81s-11300j63orkw,CNY,CNY,2022-05-04 19:19:21,46.83
eanlobec-2975-4y87-a13r-39846x48firz,AUD,USD,2022-07-01 06:14:30,20.49
rkategts-9099-5t91-n32c-19015t27szbl,AFN,IDR,2021-07-13 11:36:20,88.88
petxzslq-5184-6z87-s82y-57426r91hjmx,MNT,XOF,2022-06-20 11:41:02,4.27
wumtxwoe-4139-2z82-b32f-07982i31yubj,CNY,EUR,2021-12-29 13:54:12,39.66
eomukyag-9114-3c95-g60p-66946o85gror,SOS,RUB,2022-03-26 06:22:09,44.87
xjqkreky-8023-5t73-e53r-09886x09jihd,CNY,BSD,2021-07-27 14:02:19,47.76
gylbtmpe-1502-4d36-w45j-39346r75mmcl,PHP,SEK,2021-08-20 02:34:14,56.28
rzrvusnz-7156-7m66-x08z-56655a47hnwy,COP,CUP,2021-09-19 02:20:12,78.67
rrolakqg-2444-7m67-y99i-60978q04xeig,ZAR,NGN,2021-07-19 17:37:52,20.84
fwakoldi-1862-2y28-k86t-66837y34mmme,RUB,SEK,2022-05-03 10:29:04,68.7
gogtjbfz-4826-0d56-a14w-47805f28qjpw,VND,IDR,2021-11-30 22:42:27,47.75
yvftglee-0149-2f67-j07a-99712q78gpmq,SEK,CAD,2022-03-16 19:16:22,42.95
cvhgqvep-5105-4y72-l84g-59893o07reub,CNY,CNY,2021-11-27 02:25:48,56.94
fozrraun-5632-0a10-m89i-24576d80zblw,PHP,THB,2022-03-06 15:01:54,30.74
emdqjubd-4902-4q92-x94r-83499n33izyt,CNY,EUR,2022-02-01 03:14:01,81.41
qdpmgkzy-7652-9g72-b49v-37089n60pvce,ARS,CNY,2021-12-21 10:23:40,91.54
fmsyzzas-5421-6c89-w62v-10115o36wkfa,BRL,CNY,2022-05-19 04:51:15,80.29
lyxwqqwk-1485-1o78-x33n-49497r98bbin,IDR,JPY,2022-03-08 22:38:40,59.45
pfrdnjji-6208-9u19-h98z-60057b15rpvv,JOD,CNY,2022-07-08 01:06:22,53.67
dlcadfvq-0862-7r54-u79r-06168m45qfis,CNY,IDR,2022-06-12 20:57:48,48.22
zhodfsvx-1204-4j69-r10k-34433q23tubl,NGN,EUR,2022-02-27 12:31:10,77.86
tkzrsxgh-1468-0m54-e55i-60701l91wkxs,CNY,PLN,2022-05-17 07:33:00,67.22
tpicmgyl-6315-4v29-n58s-58587j51ohyc,CNY,RUB,2022-05-20 22:35:10,10.17
iennwcsa-3226-2x60-u06f-49338k05wnik,EUR,TZS,2022-06-02 03:21:50,92.53
rlhjywyi-9725-3l24-u13j-13592h72knrz,CNY,CNY,2021-08-06 01:33:29,5.12
cealkppb-8980-2a15-t60h-02642s44ymoz,EUR,RUB,2022-05-31 13:12:27,63.29
kfmtvyfc-5430-8m81-n34k-88985x10ltov,IDR,RUB,2022-04-29 14:49:02,8.2
stcjutzr-0869-3f01-t81z-20993x67qufz,USD,RUB,2022-06-11 06:15:14,29.74
ntunxkve-3811-9k91-y79e-17254z76ztlp,EUR,SEK,2021-09-11 00:04:58,19.77
dbeoiclt-5680-7n14-r60e-20285o90sgfi,USD,BRL,2022-02-27 09:35:18,92.59
lpbrmwkw-0045-5e07-v59r-06921g35rkvb,BRL,CNY,2022-02-28 08:39:08,91.13
utdbowud-9301-4y83-s67g-22373t44ynek,CNY,CNY,2021-12-30 22:59:59,51.42
srblttpq-8202-0a39-b29o-95038x67uatf,EUR,XOF,2021-07-20 13:46:46,3.25
ddtyaere-7708-0w48-l32f-23938c73kyvt,PLN,EUR,2021-11-01 00:04:37,14.51
zcntjfyw-5923-0t89-w06n-69598z42dchj,SEK,PEN,2022-05-03 01:04:09,72.92
qwdfjegw-7626-8j78-o21v-53829r80zvgp,RUB,CNY,2021-11-30 06:07:47,79.52
nxyfdpyl-1140-7f35-w27w-73033g10ahmh,SEK,EUR,2022-01-06 04:45:17,24.12
hbcyhccr-6360-6o83-w78h-25395v51bdwo,JPY,CNY,2022-01-26 12:29:42,66.97
omsvjtgm-1299-6v68-r35p-44660h30qggt,EUR,EUR,2021-08-19 19:02:33,97.52
gbplcvlz-7218-9t64-u66g-83384t06vute,EGP,IDR,2021-10-12 14:04:38,65.83
zmgfkqdd-0965-8o77-u43e-19640q70helc,IDR,EUR,2022-05-02 11:34:08,12.51
tcsgakla-4705-1f51-d15f-69644r76poew,EUR,SEK,2022-02-12 12:37:51,74.5
siogkatu-7221-6y52-w57n-69010p74fivy,RUB,BRL,2021-08-08 16:10:36,17.06
tvetaerh-1935-2q69-s66p-68632n89dbej,IDR,IDR,2022-01-14 17:10:11,57.69
ejgqmxzb-4761-1k91-n47k-86858u37uptr,CNY,USD,2022-04-14 09:45:28,70.22
ktbixevs-4198-4h53-i63e-09460c98cvno,SEK,IDR,2021-08-23 04:05:13,25.2
tdfhxigj-6176-9x76-n96b-26058j86okwc,IDR,IRR,2022-03-10 21:03:13,97.05
vijwdkbv-6148-4n54-n52h-18450e60qloa,PHP,CAD,2022-06-01 21:33:14,63.89
dtyjspap-8555-0y10-l42g-67981t39nfdn,PHP,CNY,2022-04-18 13:39:53,72.21
eoxufqrg-6157-7z02-v61s-16009r86cafa,HNL,IDR,2022-03-28 10:08:37,62.06
idlzopfi-9933-2b21-q70e-07797g34cfds,CNY,CNY,2022-05-13 06:24:51,69.23
fhpwkeyj-6108-3y56-n00r-38721o17ckff,DKK,JPY,2022-02-08 00:33:55,15.97
gauxhdxv-9556-8u30-l52h-97555r02hxfn,RUB,KHR,2022-05-09 15:53:20,91.45
qgpopaab-3935-8g80-g62x-73069i33knqh,ZWL,BRL,2021-12-17 06:49:05,26.15
dtpfowvv-7514-1k28-j40q-63251k16tsxf,KRW,CNY,2022-05-03 14:32:17,28.9
fastleqs-4233-0t51-h70b-71070p94nsms,IDR,RUB,2022-01-26 08:42:58,51.16
kpvglupm-0867-0e45-f78n-72126a03kcyl,CZK,CAD,2022-03-09 13:51:57,33.79
gzaeezck-4916-5e05-z69i-81384b82fnzz,EUR,PLN,2021-08-14 21:13:56,30.55
ffcvfhnd-1916-8c57-d10v-89514o02ebfj,PLN,CNY,2021-08-20 14:43:48,81.26
qywybwkn-5223-1i66-z55y-15315e06tgsg,EUR,COP,2022-04-04 18:31:08,42.56
iojqputc-8982-9q76-y91b-19302j41ohzp,IDR,RUB,2021-12-15 10:31:40,34.55
msqdpkdl-1655-2l35-j64x-26131u08pilx,RUB,JPY,2022-05-04 00:56:17,46.46
svyskswl-8928-8m94-q37y-88608x49cjez,IDR,YER,2021-12-22 20:42:51,83.29
jepbelpl-6743-7i28-s51a-37616n33ezhx,EUR,TTD,2022-04-01 15:15:26,1.62
thsstnyj-4434-7b73-v74u-12565c84ssge,CNY,CNY,2021-10-31 08:38:43,54.83
